,Unnamed: 0,Unnamed: 0.1,Unnamed: 0.1.1,Unnamed: 0.1.1.1,Unnamed: 0.1.1.1.1,date,fund,company,ticker,shares,market value($),weight(%)
0,0.0,0.0,0.0,0.0,0.0,01/13/2021,ARKK,MORGAN STANLEY GOVT INSTL 8035,,377025835.31,377030000.0,1.71
1,1.0,1.0,1.0,1.0,1.0,01/13/2021,ARKK,NANOSTRING TECHNOLOGIES INC,NSTG,1987234.0,142520000.0,0.65
2,2.0,2.0,2.0,2.0,2.0,01/13/2021,ARKK,COMPUGEN LTD,CGEN,10490367.0,140680000.0,0.64
3,3.0,3.0,3.0,3.0,3.0,01/13/2021,ARKK,SERES THERAPEUTICS INC,MCRB,8157135.0,210940000.0,0.96
4,4.0,4.0,4.0,4.0,4.0,01/13/2021,ARKK,ORGANOVO HOLDINGS INC,ONVO,729771.0,9530000.0,0.04
5,5.0,5.0,5.0,5.0,5.0,01/13/2021,ARKK,SYROS PHARMACEUTICALS INC,SYRS,5056505.0,61940000.0,0.28
6,6.0,6.0,6.0,6.0,6.0,01/13/2021,ARKK,CERUS CORP,CERS,19063301.0,141830000.0,0.64
7,7.0,7.0,7.0,7.0,7.0,01/13/2021,ARKK,STRATASYS LTD,SSYS,7049806.0,198590000.0,0.9
8,8.0,8.0,8.0,8.0,8.0,01/13/2021,ARKK,VERACYTE INC,VCYT,4841473.0,241830000.0,1.1
9,9.0,9.0,9.0,9.0,9.0,01/13/2021,ARKK,PACIFIC BIOSCIENCES OF CALIF,PACB,7257224.0,249290000.0,1.13
10,10.0,10.0,10.0,10.0,10.0,01/13/2021,ARKK,PAGERDUTY INC,PD,7552637.0,342810000.0,1.56
11,11.0,11.0,11.0,11.0,11.0,01/13/2021,ARKK,2U INC,TWOU,8055366.0,349930000.0,1.59
12,12.0,12.0,12.0,12.0,12.0,01/13/2021,ARKK,LENDINGTREE INC,TREE UW,1224240.0,376470000.0,1.71
13,13.0,13.0,13.0,13.0,13.0,01/13/2021,ARKK,MATERIALISE NV-ADR,MTLS,6006937.0,407870000.0,1.85
14,14.0,14.0,14.0,14.0,14.0,01/13/2021,ARKK,EDITAS MEDICINE INC,EDIT,6655763.0,487870000.0,2.21
15,15.0,15.0,15.0,15.0,15.0,01/13/2021,ARKK,INTELLIA THERAPEUTICS INC,NTLA,6456860.0,490790000.0,2.23
16,16.0,16.0,16.0,16.0,16.0,01/13/2021,ARKK,PURE STORAGE INC - CLASS A,PSTG,22255488.0,518110000.0,2.35
17,17.0,17.0,17.0,17.0,17.0,01/13/2021,ARKK,PROTO LABS INC,PRLB,3157475.0,531470000.0,2.41
18,18.0,18.0,18.0,18.0,18.0,01/13/2021,ARKK,INVITAE CORP,NVTA,17456809.0,896760000.0,4.07
19,19.0,19.0,19.0,19.0,19.0,01/13/2021,ARKK,CRISPR THERAPEUTICS AG,CRSP,6327406.0,1226500000.0,5.56
20,20.0,20.0,20.0,20.0,20.0,01/13/2021,ARKK,REGENERON PHARMACEUTICALS,REGN,107358.0,54960000.0,0.25
21,21.0,21.0,21.0,21.0,21.0,01/13/2021,ARKK,FATE THERAPEUTICS INC,FATE,265824.0,30120000.0,0.14
22,22.0,22.0,22.0,22.0,22.0,01/13/2021,ARKK,SHOPIFY INC - CLASS A,SHOP,354976.0,425910000.0,1.93
23,23.0,23.0,23.0,23.0,23.0,01/13/2021,ARKK,SYNOPSYS INC,SNPS,714287.0,183670000.0,0.83
24,24.0,24.0,24.0,24.0,24.0,01/13/2021,ARKK,10X GENOMICS INC-CLASS A,TXG,858204.0,150630000.0,0.68
25,25.0,25.0,25.0,25.0,25.0,01/13/2021,ARKK,SPLUNK INC,SPLK,1146060.0,195580000.0,0.89
26,26.0,26.0,26.0,26.0,26.0,01/13/2021,ARKK,ZOOM VIDEO COMMUNICATIONS-A,ZM,1192637.0,434870000.0,1.97
27,27.0,27.0,27.0,27.0,27.0,01/13/2021,ARKK,TWILIO INC - A,TWLO,1244721.0,459300000.0,2.08
28,28.0,28.0,28.0,28.0,28.0,01/13/2021,ARKK,DOCUSIGN INC,DOCU,1640688.0,419770000.0,1.9
29,29.0,29.0,29.0,29.0,29.0,01/13/2021,ARKK,PAYPAL HOLDINGS INC,PYPL,1659125.0,406320000.0,1.84
30,30.0,30.0,30.0,30.0,30.0,01/13/2021,ARKK,SPOTIFY TECHNOLOGY SA,SPOT,1676771.0,581940000.0,2.64
31,31.0,31.0,31.0,31.0,31.0,01/13/2021,ARKK,UNITY SOFTWARE INC,U,1698286.0,256660000.00000003,1.16
32,32.0,32.0,32.0,32.0,32.0,01/13/2021,ARKK,PINTEREST INC- CLASS A,PINS,2419807.0,176070000.0,0.8
33,33.0,33.0,33.0,33.0,33.0,01/13/2021,ARKK,BAIDU INC - SPON ADR,BIDU,2551983.0,604670000.0,2.74
34,34.0,34.0,34.0,34.0,34.0,01/13/2021,ARKK,TESLA INC,TSLA,2564524.0,2191150000.0,9.94
35,35.0,35.0,35.0,35.0,35.0,01/13/2021,ARKK,TWIST BIOSCIENCE CORP,TWST,2713051.0,456900000.0,2.07
36,36.0,36.0,36.0,36.0,36.0,01/13/2021,ARKK,INTERCONTINENTAL EXCHANGE IN,ICE,2823866.0,332760000.0,1.51
37,37.0,37.0,37.0,37.0,37.0,01/13/2021,ARKK,TAIWAN SEMICONDUCTOR-SP ADR,TSM,2968761.0,353970000.0,1.61
38,38.0,38.0,38.0,38.0,38.0,01/13/2021,ARKK,EXACT SCIENCES CORP,EXAS,3165650.0,460190000.0,2.09
39,39.0,39.0,39.0,39.0,39.0,01/13/2021,ARKK,NINTENDO CO LTD-UNSPONS ADR,NTDOY,3306591.0,261780000.0,1.19
40,40.0,40.0,40.0,40.0,40.0,01/13/2021,ARKK,ROKU INC,ROKU,4013378.0,1639870000.0,7.44
41,41.0,41.0,41.0,41.0,41.0,01/13/2021,ARKK,TELADOC HEALTH INC,TDOC,4222719.0,978780000.0,4.44
42,42.0,42.0,42.0,42.0,42.0,01/13/2021,ARKK,TENCENT HOLDINGS LTD-UNS ADR,TCEHY,4246907.0,333080000.0,1.51
43,43.0,43.0,43.0,43.0,43.0,01/13/2021,ARKK,ZILLOW GROUP INC - C,Z,4578488.0,655780000.0,2.97
44,44.0,44.0,44.0,44.0,44.0,01/13/2021,ARKK,SQUARE INC - A,SQ,4662994.0,1076780000.0,4.88
45,45.0,45.0,45.0,45.0,45.0,01/13/2021,ARKK,KE HOLDINGS INC,BEKE,4721827.0,301910000.0,1.37
46,46.0,46.0,46.0,46.0,46.0,01/13/2021,ARKK,IRIDIUM COMMUNICATIONS INC,IRDM,5140075.0,221850000.0,1.01
47,47.0,47.0,47.0,47.0,47.0,01/13/2021,ARKK,HUYA INC-ADR,HUYA,6796027.0,147950000.0,0.67
48,48.0,48.0,48.0,48.0,48.0,01/13/2021,ARKK,IOVANCE BIOTHERAPEUTICS INC,IOVA,9388899.0,475360000.0,2.16
49,49.0,49.0,49.0,49.0,49.0,01/13/2021,ARKK,SEA LTD-ADR,SE,1173461.0,266120000.0,1.21
50,50.0,50.0,50.0,50.0,50.0,01/13/2021,ARKK,NOVARTIS AG-SPONSORED ADR,NVS,1161596.0,108390000.0,0.49
51,51.0,51.0,51.0,51.0,51.0,01/14/2021,ARKK,MORGAN STANLEY GOVT INSTL 8035,,245207418.77,245210000.0,1.08
52,52.0,52.0,52.0,52.0,52.0,01/14/2021,ARKK,COMPUGEN LTD,CGEN,10344668.0,139760000.0,0.62
53,53.0,53.0,53.0,53.0,53.0,01/14/2021,ARKK,NANOSTRING TECHNOLOGIES INC,NSTG,1880890.0,136990000.0,0.6
54,54.0,54.0,54.0,54.0,54.0,01/14/2021,ARKK,ORGANOVO HOLDINGS INC,ONVO,664698.0,9780000.0,0.04
55,55.0,55.0,55.0,55.0,55.0,01/14/2021,ARKK,SERES THERAPEUTICS INC,MCRB,8118442.0,216840000.0,0.96
56,56.0,56.0,56.0,56.0,56.0,01/14/2021,ARKK,SYROS PHARMACEUTICALS INC,SYRS,5056505.0,69930000.0,0.14
57,57.0,57.0,57.0,57.0,57.0,01/14/2021,ARKK,CERUS CORP,CERS,19063301.0,143930000.0,1.87
58,58.0,58.0,58.0,58.0,58.0,01/14/2021,ARKK,STRATASYS LTD,SSYS,7049806.0,231020000.0,0.82
59,59.0,59.0,59.0,59.0,59.0,01/14/2021,ARKK,VERACYTE INC,VCYT,4841473.0,254560000.0,0.87
60,60.0,60.0,60.0,60.0,60.0,01/14/2021,ARKK,PACIFIC BIOSCIENCES OF CALIF,PACB,7257224.0,273740000.0,0.49
61,61.0,61.0,61.0,61.0,61.0,01/14/2021,ARKK,PAGERDUTY INC,PD,7552637.0,355120000.0,1.2
62,62.0,62.0,62.0,62.0,62.0,01/14/2021,ARKK,2U INC,TWOU,8055366.0,355080000.0,2.04
63,63.0,63.0,63.0,63.0,63.0,01/14/2021,ARKK,LENDINGTREE INC,TREE UW,1224240.0,383740000.0,2.14
64,64.0,64.0,64.0,64.0,64.0,01/14/2021,ARKK,MATERIALISE NV-ADR,MTLS,6006937.0,441210000.0,1.83
65,65.0,65.0,65.0,65.0,65.0,01/14/2021,ARKK,EDITAS MEDICINE INC,EDIT,6655763.0,505310000.0,1.79
66,66.0,66.0,66.0,66.0,66.0,01/14/2021,ARKK,PURE STORAGE INC - CLASS A,PSTG,22255488.0,519670000.0,2.56
67,67.0,67.0,67.0,67.0,67.0,01/14/2021,ARKK,INTELLIA THERAPEUTICS INC,NTLA,6456860.0,537860000.0,1.14
68,68.0,68.0,68.0,68.0,68.0,01/14/2021,ARKK,PROTO LABS INC,PRLB,3157475.0,552620000.0,0.77
69,69.0,69.0,69.0,69.0,69.0,01/14/2021,ARKK,INVITAE CORP,NVTA,17456809.0,932890000.0,2.84
70,70.0,70.0,70.0,70.0,70.0,01/14/2021,ARKK,CRISPR THERAPEUTICS AG,CRSP,6327406.0,1329010000.0,9.68
71,71.0,71.0,71.0,71.0,71.0,01/14/2021,ARKK,FATE THERAPEUTICS INC,FATE,269092.0,31590000.0,2.3
72,72.0,72.0,72.0,72.0,72.0,01/14/2021,ARKK,SHOPIFY INC - CLASS A,SHOP,359346.0,423620000.0,1.46
73,73.0,73.0,73.0,73.0,73.0,01/14/2021,ARKK,SYNOPSYS INC,SNPS,723065.0,186490000.0,1.68
74,74.0,74.0,74.0,74.0,74.0,01/14/2021,ARKK,SPLUNK INC,SPLK,1160158.0,198330000.0,0.33
75,75.0,75.0,75.0,75.0,75.0,01/14/2021,ARKK,NOVARTIS AG-SPONSORED ADR,NVS,1175884.0,111260000.0,2.08
76,76.0,76.0,76.0,76.0,76.0,01/14/2021,ARKK,SEA LTD-ADR,SE,1187901.0,272810000.0,1.17
77,77.0,77.0,77.0,77.0,77.0,01/14/2021,ARKK,ZOOM VIDEO COMMUNICATIONS-A,ZM,1207305.0,462690000.0,7.5
78,78.0,78.0,78.0,78.0,78.0,01/14/2021,ARKK,TWILIO INC - A,TWLO,1260035.0,485240000.0,4.25
79,79.0,79.0,79.0,79.0,79.0,01/14/2021,ARKK,DOCUSIGN INC,DOCU,1660866.0,415630000.0,1.53
80,80.0,80.0,80.0,80.0,80.0,01/14/2021,ARKK,PAYPAL HOLDINGS INC,PYPL,1679531.0,406550000.0,2.94
81,81.0,81.0,81.0,81.0,81.0,01/14/2021,ARKK,SPOTIFY TECHNOLOGY SA,SPOT,1697367.0,580960000.0,4.85
82,82.0,82.0,82.0,82.0,82.0,01/14/2021,ARKK,UNITY SOFTWARE INC,U,1719148.0,258580000.0,1.32
83,83.0,83.0,83.0,83.0,83.0,01/14/2021,ARKK,PINTEREST INC- CLASS A,PINS,2449561.0,173820000.0,1.08
84,84.0,84.0,84.0,84.0,84.0,01/14/2021,ARKK,BAIDU INC - SPON ADR,BIDU,2583371.0,643260000.0,0.68
85,85.0,85.0,85.0,85.0,85.0,01/14/2021,ARKK,TESLA INC,TSLA,2596064.0,2193670000.0,2.18
86,86.0,86.0,86.0,86.0,86.0,01/14/2021,ARKK,TWIST BIOSCIENCE CORP,TWST,2746415.0,520250000.0,0.79
87,87.0,87.0,87.0,87.0,87.0,01/14/2021,ARKK,INTERCONTINENTAL EXCHANGE IN,ICE,2858560.0,330510000.0,1.08
88,88.0,88.0,88.0,88.0,88.0,01/14/2021,ARKK,TAIWAN SEMICONDUCTOR-SP ADR,TSM,3005241.0,380010000.0,0.62
89,89.0,89.0,89.0,89.0,89.0,01/14/2021,ARKK,REGENERON PHARMACEUTICALS,REGN,145197.0,75200000.0,0.6
90,90.0,90.0,90.0,90.0,90.0,01/14/2021,ARKK,EXACT SCIENCES CORP,EXAS,3204562.0,472000000.0,0.04
91,91.0,91.0,91.0,91.0,91.0,01/14/2021,ARKK,NINTENDO CO LTD-UNSPONS ADR,NTDOY,3347251.0,265140000.0,0.96
92,92.0,92.0,92.0,92.0,92.0,01/14/2021,ARKK,ROKU INC,ROKU,4062702.0,1700080000.0,0.14
93,93.0,93.0,93.0,93.0,93.0,01/14/2021,ARKK,TELADOC HEALTH INC,TDOC,4274627.0,964100000.0,1.87
94,94.0,94.0,94.0,94.0,94.0,01/14/2021,ARKK,TENCENT HOLDINGS LTD-UNS ADR,TCEHY,4299119.0,347370000.0,0.82
95,95.0,95.0,95.0,95.0,95.0,01/14/2021,ARKK,ZILLOW GROUP INC - C,Z,4634766.0,666020000.0,0.87
96,96.0,96.0,96.0,96.0,96.0,01/14/2021,ARKK,SQUARE INC - A,SQ,4720336.0,1098850000.0,0.49
97,97.0,97.0,97.0,97.0,97.0,01/14/2021,ARKK,KE HOLDINGS INC,BEKE,4779891.0,298930000.0,1.2
98,98.0,98.0,98.0,98.0,98.0,01/14/2021,ARKK,IRIDIUM COMMUNICATIONS INC,IRDM,5203269.0,244140000.0,2.04
99,99.0,99.0,99.0,99.0,99.0,01/14/2021,ARKK,HUYA INC-ADR,HUYA,6879589.0,154100000.0,2.14
100,100.0,100.0,100.0,100.0,100.0,01/14/2021,ARKK,IOVANCE BIOTHERAPEUTICS INC,IOVA,9504343.0,494510000.0,1.83
101,101.0,101.0,101.0,101.0,101.0,01/14/2021,ARKK,10X GENOMICS INC-CLASS A,TXG,994562.0,178910000.0,1.79
102,102.0,102.0,102.0,102.0,102.0,01/15/2021,ARKK,MORGAN STANLEY GOVT INSTL 8035,,225487415.71,225490000.0,1.0
103,103.0,103.0,103.0,103.0,103.0,01/15/2021,ARKK,CRISPR THERAPEUTICS AG,CRSP,6246733.0,1248600000.0,5.55
104,104.0,104.0,104.0,104.0,104.0,01/15/2021,ARKK,NANOSTRING TECHNOLOGIES INC,NSTG,1803194.0,128130000.0,0.57
105,105.0,105.0,105.0,105.0,105.0,01/15/2021,ARKK,COMPUGEN LTD,CGEN,10334101.0,134450000.0,0.6
106,106.0,106.0,106.0,106.0,106.0,01/15/2021,ARKK,SERES THERAPEUTICS INC,MCRB,8114469.0,198640000.0,0.88
107,107.0,107.0,107.0,107.0,107.0,01/15/2021,ARKK,ORGANOVO HOLDINGS INC,ONVO,662107.0,9250000.0,0.04
108,108.0,108.0,108.0,108.0,108.0,01/15/2021,ARKK,SYROS PHARMACEUTICALS INC,SYRS,5056505.0,71300000.0,0.32
109,109.0,109.0,109.0,109.0,109.0,01/15/2021,ARKK,CERUS CORP,CERS,19063301.0,138210000.0,0.61
110,110.0,110.0,110.0,110.0,110.0,01/15/2021,ARKK,HUYA INC-ADR,HUYA,6879589.0,151080000.0,0.67
111,111.0,111.0,111.0,111.0,111.0,01/15/2021,ARKK,STRATASYS LTD,SSYS,7049806.0,224540000.0,1.0
112,112.0,112.0,112.0,112.0,112.0,01/15/2021,ARKK,VERACYTE INC,VCYT,4841473.0,245900000.0,1.09
113,113.0,113.0,113.0,113.0,113.0,01/15/2021,ARKK,PACIFIC BIOSCIENCES OF CALIF,PACB,7257224.0,267970000.00000003,1.19
114,114.0,114.0,114.0,114.0,114.0,01/15/2021,ARKK,2U INC,TWOU,8055366.0,343560000.0,1.53
115,115.0,115.0,115.0,115.0,115.0,01/15/2021,ARKK,PAGERDUTY INC,PD,7552637.0,344100000.0,1.53
116,116.0,116.0,116.0,116.0,116.0,01/15/2021,ARKK,LENDINGTREE INC,TREE UW,1224240.0,370880000.0,1.65
117,117.0,117.0,117.0,117.0,117.0,01/15/2021,ARKK,MATERIALISE NV-ADR,MTLS,6006937.0,403130000.0,1.79
118,118.0,118.0,118.0,118.0,118.0,01/15/2021,ARKK,EDITAS MEDICINE INC,EDIT,6655763.0,506770000.0,2.25
119,119.0,119.0,119.0,119.0,119.0,01/15/2021,ARKK,PURE STORAGE INC - CLASS A,PSTG,22255488.0,508760000.0,2.26
120,120.0,120.0,120.0,120.0,120.0,01/15/2021,ARKK,INTELLIA THERAPEUTICS INC,NTLA,6456860.0,528750000.0,2.35
121,121.0,121.0,121.0,121.0,121.0,01/15/2021,ARKK,PROTO LABS INC,PRLB,3157475.0,532450000.00000006,2.37
122,122.0,122.0,122.0,122.0,122.0,01/15/2021,ARKK,INVITAE CORP,NVTA,17456809.0,918050000.0,4.08
123,123.0,123.0,123.0,123.0,123.0,01/15/2021,ARKK,FATE THERAPEUTICS INC,FATE,272274.0,30930000.0,0.14
124,124.0,124.0,124.0,124.0,124.0,01/15/2021,ARKK,SPLUNK INC,SPLK,1173885.0,199530000.0,0.89
125,125.0,125.0,125.0,125.0,125.0,01/15/2021,ARKK,NOVARTIS AG-SPONSORED ADR,NVS,1189796.0,113780000.0,0.51
126,126.0,126.0,126.0,126.0,126.0,01/15/2021,ARKK,SEA LTD-ADR,SE,1201961.0,271700000.0,1.21
127,127.0,127.0,127.0,127.0,127.0,01/15/2021,ARKK,ZOOM VIDEO COMMUNICATIONS-A,ZM,1221587.0,469740000.0,2.09
128,128.0,128.0,128.0,128.0,128.0,01/15/2021,ARKK,TWILIO INC - A,TWLO,1274946.0,495510000.0,2.2
129,129.0,129.0,129.0,129.0,129.0,01/15/2021,ARKK,UNITY SOFTWARE INC,U,1739498.0,258510000.0,1.15
130,130.0,130.0,130.0,130.0,130.0,01/15/2021,ARKK,PINTEREST INC- CLASS A,PINS,2478532.0,172880000.0,0.77
131,131.0,131.0,131.0,131.0,131.0,01/15/2021,ARKK,BAIDU INC - SPON ADR,BIDU,2613933.0,624390000.0,2.78
132,132.0,132.0,132.0,132.0,132.0,01/15/2021,ARKK,TESLA INC,TSLA,2626774.0,2170140000.0,9.65
133,133.0,133.0,133.0,133.0,133.0,01/15/2021,ARKK,TWIST BIOSCIENCE CORP,TWST,2778901.0,503950000.0,2.24
134,134.0,134.0,134.0,134.0,134.0,01/15/2021,ARKK,SHOPIFY INC - CLASS A,SHOP,392963.0,459950000.0,2.05
135,135.0,135.0,135.0,135.0,135.0,01/15/2021,ARKK,INTERCONTINENTAL EXCHANGE IN,ICE,2892378.0,333170000.0,1.48
136,136.0,136.0,136.0,136.0,136.0,01/15/2021,ARKK,SYNOPSYS INC,SNPS,758037.0,196270000.0,0.87
137,137.0,137.0,137.0,137.0,137.0,01/15/2021,ARKK,TAIWAN SEMICONDUCTOR-SP ADR,TSM,3040798.0,380800000.0,1.69
138,138.0,138.0,138.0,138.0,138.0,01/15/2021,ARKK,EXACT SCIENCES CORP,EXAS,3242450.0,473300000.0,2.11
139,139.0,139.0,139.0,139.0,139.0,01/15/2021,ARKK,NINTENDO CO LTD-UNSPONS ADR,NTDOY,3386841.0,266710000.0,1.19
140,140.0,140.0,140.0,140.0,140.0,01/15/2021,ARKK,ROKU INC,ROKU,4110728.0,1678410000.0,7.47
141,141.0,141.0,141.0,141.0,141.0,01/15/2021,ARKK,TELADOC HEALTH INC,TDOC,4325169.0,974240000.0,4.33
142,142.0,142.0,142.0,142.0,142.0,01/15/2021,ARKK,TENCENT HOLDINGS LTD-UNS ADR,TCEHY,4349957.0,357780000.0,1.59
143,143.0,143.0,143.0,143.0,143.0,01/15/2021,ARKK,ZILLOW GROUP INC - C,Z,4689563.0,644810000.0,2.87
144,144.0,144.0,144.0,144.0,144.0,01/15/2021,ARKK,SQUARE INC - A,SQ,4776169.0,1087770000.0,4.84
145,145.0,145.0,145.0,145.0,145.0,01/15/2021,ARKK,KE HOLDINGS INC,BEKE,4836427.0,301700000.0,1.34
146,146.0,146.0,146.0,146.0,146.0,01/15/2021,ARKK,IRIDIUM COMMUNICATIONS INC,IRDM,5264800.0,245080000.0,1.09
147,147.0,147.0,147.0,147.0,147.0,01/15/2021,ARKK,10X GENOMICS INC-CLASS A,TXG,1060209.0,190490000.0,0.85
148,148.0,148.0,148.0,148.0,148.0,01/15/2021,ARKK,REGENERON PHARMACEUTICALS,REGN,228832.0,118520000.0,0.53
149,149.0,149.0,149.0,149.0,149.0,01/15/2021,ARKK,SPOTIFY TECHNOLOGY SA,SPOT,1805691.0,577500000.0,2.57
150,150.0,150.0,150.0,150.0,150.0,01/15/2021,ARKK,IOVANCE BIOTHERAPEUTICS INC,IOVA,9616749.0,491030000.0,2.18
151,151.0,151.0,151.0,151.0,151.0,01/15/2021,ARKK,DOCUSIGN INC,DOCU,1774260.0,442290000.0,1.97
152,152.0,152.0,152.0,152.0,152.0,01/15/2021,ARKK,PAYPAL HOLDINGS INC,PYPL,1883758.0,451710000.0,2.01
153,153.0,153.0,153.0,153.0,153.0,01/19/2021,ARKK,CRISPR THERAPEUTICS AG,CRSP,6070635.0,1203750000.0,5.16
154,154.0,154.0,154.0,154.0,154.0,01/19/2021,ARKK,COMPUGEN LTD,CGEN,10191083.0,137580000.0,0.59
155,155.0,155.0,155.0,155.0,155.0,01/19/2021,ARKK,TESLA INC,TSLA,2512138.0,2121630000.0,9.1
156,156.0,156.0,156.0,156.0,156.0,01/19/2021,ARKK,SERES THERAPEUTICS INC,MCRB,8038025.0,200630000.0,0.86
157,157.0,157.0,157.0,157.0,157.0,01/19/2021,ARKK,ORGANOVO HOLDINGS INC,ONVO,610275.0,8770000.0,0.04
158,158.0,158.0,158.0,158.0,158.0,01/19/2021,ARKK,NANOSTRING TECHNOLOGIES INC,NSTG,1778670.0,124510000.0,0.53
159,159.0,159.0,159.0,159.0,159.0,01/19/2021,ARKK,SYROS PHARMACEUTICALS INC,SYRS,5056505.0,75590000.0,0.32
160,160.0,160.0,160.0,160.0,160.0,01/19/2021,ARKK,CERUS CORP,CERS,19063301.0,138780000.0,0.6
161,161.0,161.0,161.0,161.0,161.0,01/19/2021,ARKK,HUYA INC-ADR,HUYA,6879589.0,158230000.0,0.68
162,162.0,162.0,162.0,162.0,162.0,01/19/2021,ARKK,STRATASYS LTD,SSYS,7049806.0,252670000.0,1.08
163,163.0,163.0,163.0,163.0,163.0,01/19/2021,ARKK,VERACYTE INC,VCYT,4841473.0,258530000.0,1.11
164,164.0,164.0,164.0,164.0,164.0,01/19/2021,ARKK,PACIFIC BIOSCIENCES OF CALIF,PACB,7257224.0,291740000.0,1.25
165,165.0,165.0,165.0,165.0,165.0,01/19/2021,ARKK,2U INC,TWOU,8055366.0,353390000.0,1.52
166,166.0,166.0,166.0,166.0,166.0,01/19/2021,ARKK,PAGERDUTY INC,PD,7552637.0,364040000.0,1.56
167,167.0,167.0,167.0,167.0,167.0,01/19/2021,ARKK,LENDINGTREE INC,TREE UW,1224240.0,387130000.0,1.66
168,168.0,168.0,168.0,168.0,168.0,01/19/2021,ARKK,MATERIALISE NV-ADR,MTLS,6006937.0,445770000.0,1.91
169,169.0,169.0,169.0,169.0,169.0,01/19/2021,ARKK,EDITAS MEDICINE INC,EDIT,6655763.0,479950000.0,2.06
170,170.0,170.0,170.0,170.0,170.0,01/19/2021,ARKK,PURE STORAGE INC - CLASS A,PSTG,22255488.0,503860000.0,2.16
171,171.0,171.0,171.0,171.0,171.0,01/19/2021,ARKK,INTELLIA THERAPEUTICS INC,NTLA,6456860.0,540310000.0,2.32
172,172.0,172.0,172.0,172.0,172.0,01/19/2021,ARKK,PROTO LABS INC,PRLB,3157475.0,567340000.0,2.43
173,173.0,173.0,173.0,173.0,173.0,01/19/2021,ARKK,INVITAE CORP,NVTA,17456809.0,975140000.0,4.18
174,174.0,174.0,174.0,174.0,174.0,01/19/2021,ARKK,FATE THERAPEUTICS INC,FATE,274596.0,31390000.0,0.13
175,175.0,175.0,175.0,175.0,175.0,01/19/2021,ARKK,SHOPIFY INC - CLASS A,SHOP,396311.0,465260000.0,2.0
176,176.0,176.0,176.0,176.0,176.0,01/19/2021,ARKK,SPLUNK INC,SPLK,1183902.0,204770000.0,0.88
177,177.0,177.0,177.0,177.0,177.0,01/19/2021,ARKK,NOVARTIS AG-SPONSORED ADR,NVS,1199948.0,116020000.0,0.5
178,178.0,178.0,178.0,178.0,178.0,01/19/2021,ARKK,SEA LTD-ADR,SE,1212221.0,280800000.0,1.2
179,179.0,179.0,179.0,179.0,179.0,01/19/2021,ARKK,ZOOM VIDEO COMMUNICATIONS-A,ZM,1232009.0,485250000.0,2.08
180,180.0,180.0,180.0,180.0,180.0,01/19/2021,ARKK,TWILIO INC - A,TWLO,1285827.0,491510000.0,2.11
181,181.0,181.0,181.0,181.0,181.0,01/19/2021,ARKK,UNITY SOFTWARE INC,U,1754321.0,254180000.0,1.09
182,182.0,182.0,182.0,182.0,182.0,01/19/2021,ARKK,PAYPAL HOLDINGS INC,PYPL,1899823.0,469730000.0,2.02
183,183.0,183.0,183.0,183.0,183.0,01/19/2021,ARKK,PINTEREST INC- CLASS A,PINS,2499673.0,177500000.0,0.76
184,184.0,184.0,184.0,184.0,184.0,01/19/2021,ARKK,BAIDU INC - SPON ADR,BIDU,2636235.0,660170000.0,2.83
185,185.0,185.0,185.0,185.0,185.0,01/19/2021,ARKK,TWIST BIOSCIENCE CORP,TWST,2802607.0,575910000.0,2.47
186,186.0,186.0,186.0,186.0,186.0,01/19/2021,ARKK,INTERCONTINENTAL EXCHANGE IN,ICE,2917056.0,335110000.0,1.44
187,187.0,187.0,187.0,187.0,187.0,01/19/2021,ARKK,TAIWAN SEMICONDUCTOR-SP ADR,TSM,3066745.0,402660000.0,1.73
188,188.0,188.0,188.0,188.0,188.0,01/19/2021,ARKK,EXACT SCIENCES CORP,EXAS,3270098.0,486690000.0,2.09
189,189.0,189.0,189.0,189.0,189.0,01/19/2021,ARKK,NINTENDO CO LTD-UNSPONS ADR,NTDOY,3415731.0,271380000.0,1.16
190,190.0,190.0,190.0,190.0,190.0,01/19/2021,ARKK,ROKU INC,ROKU,4145774.0,1799850000.0,7.72
191,191.0,191.0,191.0,191.0,191.0,01/19/2021,ARKK,TELADOC HEALTH INC,TDOC,4362051.0,1015140000.0,4.35
192,192.0,192.0,192.0,192.0,192.0,01/19/2021,ARKK,ZILLOW GROUP INC - C,Z,4729550.0,680910000.0,2.92
193,193.0,193.0,193.0,193.0,193.0,01/19/2021,ARKK,SQUARE INC - A,SQ,4816912.0,1094690000.0,4.7
194,194.0,194.0,194.0,194.0,194.0,01/19/2021,ARKK,KE HOLDINGS INC,BEKE,4877683.0,309100000.0,1.33
195,195.0,195.0,195.0,195.0,195.0,01/19/2021,ARKK,IRIDIUM COMMUNICATIONS INC,IRDM,5309701.0,256880000.0,1.1
196,196.0,196.0,196.0,196.0,196.0,01/19/2021,ARKK,DOCUSIGN INC,DOCU,1828318.0,469090000.0,2.01
197,197.0,197.0,197.0,197.0,197.0,01/19/2021,ARKK,REGENERON PHARMACEUTICALS,REGN,292270.0,156040000.0,0.67
198,198.0,198.0,198.0,198.0,198.0,01/19/2021,ARKK,SYNOPSYS INC,SNPS,829562.0,222490000.0,0.95
199,199.0,199.0,199.0,199.0,199.0,01/19/2021,ARKK,IOVANCE BIOTHERAPEUTICS INC,IOVA,9698775.0,493960000.0,2.12
200,200.0,200.0,200.0,200.0,200.0,01/19/2021,ARKK,SPOTIFY TECHNOLOGY SA,SPOT,1915500.0,612480000.0,2.63
201,201.0,201.0,201.0,201.0,201.0,01/19/2021,ARKK,10X GENOMICS INC-CLASS A,TXG,1199733.0,218620000.0,0.94
202,202.0,202.0,202.0,202.0,202.0,01/19/2021,ARKK,TENCENT HOLDINGS LTD-UNS ADR,TCEHY,4595282.0,394730000.0,1.69
203,203.0,203.0,203.0,203.0,203.0,01/19/2021,ARKK,MORGAN STANLEY GOVT INSTL 8035,,289461314.06,289460000.0,1.24
204,204.0,204.0,204.0,204.0,204.0,01/20/2021,ARKK,MORGAN STANLEY GOVT INSTL 8035,,212397859.27,212400000.0,0.89
205,205.0,205.0,205.0,205.0,205.0,01/20/2021,ARKK,NANOSTRING TECHNOLOGIES INC,NSTG,1725059.0,122410000.0,0.51
206,206.0,206.0,206.0,206.0,206.0,01/20/2021,ARKK,ORGANOVO HOLDINGS INC,ONVO,565755.0,8660000.0,0.04
207,207.0,207.0,207.0,207.0,207.0,01/20/2021,ARKK,COMPUGEN LTD,CGEN,10153376.0,134630000.0,0.57
208,208.0,208.0,208.0,208.0,208.0,01/20/2021,ARKK,SYROS PHARMACEUTICALS INC,SYRS,5056505.0,66540000.00000001,0.28
209,209.0,209.0,209.0,209.0,209.0,01/20/2021,ARKK,CERUS CORP,CERS,19063301.0,138880000.0,0.58
210,210.0,210.0,210.0,210.0,210.0,01/20/2021,ARKK,HUYA INC-ADR,HUYA,6879589.0,159740000.0,0.67
211,211.0,211.0,211.0,211.0,211.0,01/20/2021,ARKK,SERES THERAPEUTICS INC,MCRB,8038025.0,204170000.0,0.86
212,212.0,212.0,212.0,212.0,212.0,01/20/2021,ARKK,STRATASYS LTD,SSYS,7049806.0,256970000.00000003,1.08
213,213.0,213.0,213.0,213.0,213.0,01/20/2021,ARKK,VERACYTE INC,VCYT,4841473.0,262260000.0,1.1
214,214.0,214.0,214.0,214.0,214.0,01/20/2021,ARKK,PACIFIC BIOSCIENCES OF CALIF,PACB,7257224.0,280020000.0,1.18
215,215.0,215.0,215.0,215.0,215.0,01/20/2021,ARKK,2U INC,TWOU,8055366.0,358620000.0,1.51
216,216.0,216.0,216.0,216.0,216.0,01/20/2021,ARKK,PAGERDUTY INC,PD,7552637.0,373330000.0,1.57
217,217.0,217.0,217.0,217.0,217.0,01/20/2021,ARKK,LENDINGTREE INC,TREE UW,1224240.0,390570000.0,1.64
218,218.0,218.0,218.0,218.0,218.0,01/20/2021,ARKK,MATERIALISE NV-ADR,MTLS,6006937.0,421150000.0,1.77
219,219.0,219.0,219.0,219.0,219.0,01/20/2021,ARKK,EDITAS MEDICINE INC,EDIT,6655763.0,477620000.0,2.01
220,220.0,220.0,220.0,220.0,220.0,01/20/2021,ARKK,PURE STORAGE INC - CLASS A,PSTG,22255488.0,508980000.0,2.14
221,221.0,221.0,221.0,221.0,221.0,01/20/2021,ARKK,INTELLIA THERAPEUTICS INC,NTLA,6456860.0,520160000.0,2.19
222,222.0,222.0,222.0,222.0,222.0,01/20/2021,ARKK,PROTO LABS INC,PRLB,3157475.0,604530000.0,2.54
223,223.0,223.0,223.0,223.0,223.0,01/20/2021,ARKK,INVITAE CORP,NVTA,17456809.0,993820000.0,4.18
224,224.0,224.0,224.0,224.0,224.0,01/20/2021,ARKK,CRISPR THERAPEUTICS AG,CRSP,6070635.0,1152020000.0,4.84
225,225.0,225.0,225.0,225.0,225.0,01/20/2021,ARKK,FATE THERAPEUTICS INC,FATE,279756.0,30500000.0,0.13
226,226.0,226.0,226.0,226.0,226.0,01/20/2021,ARKK,SHOPIFY INC - CLASS A,SHOP,403751.0,484900000.0,2.04
227,227.0,227.0,227.0,227.0,227.0,01/20/2021,ARKK,SYNOPSYS INC,SNPS,845162.0,231090000.0,0.97
228,228.0,228.0,228.0,228.0,228.0,01/20/2021,ARKK,SPLUNK INC,SPLK,1206162.0,208260000.0,0.87
229,229.0,229.0,229.0,229.0,229.0,01/20/2021,ARKK,NOVARTIS AG-SPONSORED ADR,NVS,1222508.0,118490000.0,0.5
230,230.0,230.0,230.0,230.0,230.0,01/20/2021,ARKK,SEA LTD-ADR,SE,1235021.0,287950000.0,1.21
231,231.0,231.0,231.0,231.0,231.0,01/20/2021,ARKK,ZOOM VIDEO COMMUNICATIONS-A,ZM,1255169.0,480480000.0,2.02
232,232.0,232.0,232.0,232.0,232.0,01/20/2021,ARKK,TWILIO INC - A,TWLO,1310007.0,514790000.0,2.16
233,233.0,233.0,233.0,233.0,233.0,01/20/2021,ARKK,UNITY SOFTWARE INC,U,1787321.0,263180000.0,1.11
234,234.0,234.0,234.0,234.0,234.0,01/20/2021,ARKK,DOCUSIGN INC,DOCU,1862698.0,475570000.0,2.0
235,235.0,235.0,235.0,235.0,235.0,01/20/2021,ARKK,PAYPAL HOLDINGS INC,PYPL,1935523.0,472770000.0,1.99
236,236.0,236.0,236.0,236.0,236.0,01/20/2021,ARKK,SPOTIFY TECHNOLOGY SA,SPOT,1951500.0,646750000.0,2.72
237,237.0,237.0,237.0,237.0,237.0,01/20/2021,ARKK,PINTEREST INC- CLASS A,PINS,2546653.0,184990000.0,0.78
238,238.0,238.0,238.0,238.0,238.0,01/20/2021,ARKK,TESLA INC,TSLA,2559358.0,2176610000.0,9.14
239,239.0,239.0,239.0,239.0,239.0,01/20/2021,ARKK,BAIDU INC - SPON ADR,BIDU,2685795.0,700720000.0,2.94
240,240.0,240.0,240.0,240.0,240.0,01/20/2021,ARKK,TWIST BIOSCIENCE CORP,TWST,2855287.0,593810000.0,2.49
241,241.0,241.0,241.0,241.0,241.0,01/20/2021,ARKK,INTERCONTINENTAL EXCHANGE IN,ICE,2971896.0,340850000.0,1.43
242,242.0,242.0,242.0,242.0,242.0,01/20/2021,ARKK,TAIWAN SEMICONDUCTOR-SP ADR,TSM,3124405.0,408170000.0,1.71
243,243.0,243.0,243.0,243.0,243.0,01/20/2021,ARKK,EXACT SCIENCES CORP,EXAS,3331538.0,500960000.0,2.1
244,244.0,244.0,244.0,244.0,244.0,01/20/2021,ARKK,NINTENDO CO LTD-UNSPONS ADR,NTDOY,3479931.0,274570000.0,1.15
245,245.0,245.0,245.0,245.0,245.0,01/20/2021,ARKK,ROKU INC,ROKU,4223654.0,1809840000.0,7.6
246,246.0,246.0,246.0,246.0,246.0,01/20/2021,ARKK,TELADOC HEALTH INC,TDOC,4444011.0,1096520000.0,4.61
247,247.0,247.0,247.0,247.0,247.0,01/20/2021,ARKK,ZILLOW GROUP INC - C,Z,4818470.0,715740000.0,3.01
248,248.0,248.0,248.0,248.0,248.0,01/20/2021,ARKK,REGENERON PHARMACEUTICALS,REGN,382671.0,207510000.0,0.87
249,249.0,249.0,249.0,249.0,249.0,01/20/2021,ARKK,SQUARE INC - A,SQ,4907452.0,1112270000.0,4.67
250,250.0,250.0,250.0,250.0,250.0,01/20/2021,ARKK,KE HOLDINGS INC,BEKE,4969363.0,361820000.0,1.52
251,251.0,251.0,251.0,251.0,251.0,01/20/2021,ARKK,10X GENOMICS INC-CLASS A,TXG,1295041.0,234450000.0,0.99
252,252.0,252.0,252.0,252.0,252.0,01/20/2021,ARKK,IRIDIUM COMMUNICATIONS INC,IRDM,5409481.0,259660000.00000003,1.09
253,253.0,253.0,253.0,253.0,253.0,01/20/2021,ARKK,PACCAR INC,PCAR,174100.0,15560000.0,0.07
254,254.0,254.0,254.0,254.0,254.0,01/20/2021,ARKK,IOVANCE BIOTHERAPEUTICS INC,IOVA,9881055.0,483280000.0,2.03
255,255.0,255.0,255.0,255.0,255.0,01/20/2021,ARKK,TENCENT HOLDINGS LTD-UNS ADR,TCEHY,5247293.0,462130000.0,1.94
256,256.0,256.0,256.0,256.0,256.0,01/21/2021,ARKK,NANOSTRING TECHNOLOGIES INC,NSTG,1639448.0,125160000.0,0.52
257,257.0,257.0,257.0,257.0,257.0,01/21/2021,ARKK,ORGANOVO HOLDINGS INC,ONVO,531196.0,8060000.000000001,0.03
258,258.0,258.0,258.0,258.0,258.0,01/21/2021,ARKK,COMPUGEN LTD,CGEN,10140626.0,128180000.0,0.54
259,259.0,259.0,259.0,259.0,259.0,01/21/2021,ARKK,SYROS PHARMACEUTICALS INC,SYRS,5056505.0,61890000.0,0.26
260,260.0,260.0,260.0,260.0,260.0,01/21/2021,ARKK,CERUS CORP,CERS,19063301.0,137830000.0,0.58
261,261.0,261.0,261.0,261.0,261.0,01/21/2021,ARKK,HUYA INC-ADR,HUYA,6879589.0,163120000.0,0.68
262,262.0,262.0,262.0,262.0,262.0,01/21/2021,ARKK,SERES THERAPEUTICS INC,MCRB,8038025.0,194280000.0,0.81
263,263.0,263.0,263.0,263.0,263.0,01/21/2021,ARKK,STRATASYS LTD,SSYS,7049806.0,254080000.0,1.06
264,264.0,264.0,264.0,264.0,264.0,01/21/2021,ARKK,VERACYTE INC,VCYT,4841473.0,261290000.00000003,1.09
265,265.0,265.0,265.0,265.0,265.0,01/21/2021,ARKK,PACIFIC BIOSCIENCES OF CALIF,PACB,7257224.0,263510000.0,1.1
266,266.0,266.0,266.0,266.0,266.0,01/21/2021,ARKK,2U INC,TWOU,8055366.0,359350000.0,1.51
267,267.0,267.0,267.0,267.0,267.0,01/21/2021,ARKK,PAGERDUTY INC,PD,7552637.0,365320000.0,1.53
268,268.0,268.0,268.0,268.0,268.0,01/21/2021,ARKK,LENDINGTREE INC,TREE UW,1224240.0,384670000.0,1.61
269,269.0,269.0,269.0,269.0,269.0,01/21/2021,ARKK,MATERIALISE NV-ADR,MTLS,6006937.0,420490000.0,1.76
270,270.0,270.0,270.0,270.0,270.0,01/21/2021,ARKK,EDITAS MEDICINE INC,EDIT,6655763.0,424570000.0,1.78
271,271.0,271.0,271.0,271.0,271.0,01/21/2021,ARKK,INTELLIA THERAPEUTICS INC,NTLA,6456860.0,468700000.0,1.96
272,272.0,272.0,272.0,272.0,272.0,01/21/2021,ARKK,PURE STORAGE INC - CLASS A,PSTG,22255488.0,516550000.0,2.16
273,273.0,273.0,273.0,273.0,273.0,01/21/2021,ARKK,PROTO LABS INC,PRLB,3157475.0,600270000.0,2.51
274,274.0,274.0,274.0,274.0,274.0,01/21/2021,ARKK,INVITAE CORP,NVTA,17456809.0,927480000.0,3.88
275,275.0,275.0,275.0,275.0,275.0,01/21/2021,ARKK,CRISPR THERAPEUTICS AG,CRSP,6070635.0,1123670000.0,4.71
276,276.0,276.0,276.0,276.0,276.0,01/21/2021,ARKK,FATE THERAPEUTICS INC,FATE,281648.0,28070000.0,0.12
277,277.0,277.0,277.0,277.0,277.0,01/21/2021,ARKK,SYNOPSYS INC,SNPS,850882.0,232180000.0,0.97
278,278.0,278.0,278.0,278.0,278.0,01/21/2021,ARKK,SPLUNK INC,SPLK,1214324.0,208660000.0,0.87
279,279.0,279.0,279.0,279.0,279.0,01/21/2021,ARKK,NOVARTIS AG-SPONSORED ADR,NVS,1230780.0,119240000.0,0.5
280,280.0,280.0,280.0,280.0,280.0,01/21/2021,ARKK,SEA LTD-ADR,SE,1243381.0,290900000.0,1.22
281,281.0,281.0,281.0,281.0,281.0,01/21/2021,ARKK,ZOOM VIDEO COMMUNICATIONS-A,ZM,1263661.0,483740000.0,2.03
282,282.0,282.0,282.0,282.0,282.0,01/21/2021,ARKK,TWILIO INC - A,TWLO,1318873.0,513040000.0,2.15
283,283.0,283.0,283.0,283.0,283.0,01/21/2021,ARKK,UNITY SOFTWARE INC,U,1799399.0,264440000.0,1.11
284,284.0,284.0,284.0,284.0,284.0,01/21/2021,ARKK,DOCUSIGN INC,DOCU,1875304.0,476210000.0,1.99
285,285.0,285.0,285.0,285.0,285.0,01/21/2021,ARKK,SPOTIFY TECHNOLOGY SA,SPOT,1964700.0,684310000.0,2.87
286,286.0,286.0,286.0,286.0,286.0,01/21/2021,ARKK,TESLA INC,TSLA,2576672.0,2177260000.0,9.12
287,287.0,287.0,287.0,287.0,287.0,01/21/2021,ARKK,BAIDU INC - SPON ADR,BIDU,2703967.0,681160000.0,2.85
288,288.0,288.0,288.0,288.0,288.0,01/21/2021,ARKK,TWIST BIOSCIENCE CORP,TWST,2874603.0,559200000.0,2.34
289,289.0,289.0,289.0,289.0,289.0,01/21/2021,ARKK,INTERCONTINENTAL EXCHANGE IN,ICE,2992004.0,337860000.0,1.41
290,290.0,290.0,290.0,290.0,290.0,01/21/2021,ARKK,TAIWAN SEMICONDUCTOR-SP ADR,TSM,3145525.0,422000000.0,1.77
291,291.0,291.0,291.0,291.0,291.0,01/21/2021,ARKK,EXACT SCIENCES CORP,EXAS,3354066.0,496640000.0,2.08
292,292.0,292.0,292.0,292.0,292.0,01/21/2021,ARKK,ROKU INC,ROKU,4252210.0,1801410000.0,7.54
293,293.0,293.0,293.0,293.0,293.0,01/21/2021,ARKK,TELADOC HEALTH INC,TDOC,4474063.0,1098380000.0,4.6
294,294.0,294.0,294.0,294.0,294.0,01/21/2021,ARKK,ZILLOW GROUP INC - C,Z,4851052.0,707870000.0,2.96
295,295.0,295.0,295.0,295.0,295.0,01/21/2021,ARKK,SQUARE INC - A,SQ,4940650.0,1085070000.0,4.54
296,296.0,296.0,296.0,296.0,296.0,01/21/2021,ARKK,KE HOLDINGS INC,BEKE,5002979.0,367220000.0,1.54
297,297.0,297.0,297.0,297.0,297.0,01/21/2021,ARKK,IRIDIUM COMMUNICATIONS INC,IRDM,5446089.0,263100000.00000003,1.1
298,298.0,298.0,298.0,298.0,298.0,01/21/2021,ARKK,SHOPIFY INC - CLASS A,SHOP,446091.0,534480000.0,2.24
299,299.0,299.0,299.0,299.0,299.0,01/21/2021,ARKK,NINTENDO CO LTD-UNSPONS ADR,NTDOY,3538771.0,269620000.0,1.13
300,300.0,300.0,300.0,300.0,300.0,01/21/2021,ARKK,IOVANCE BIOTHERAPEUTICS INC,IOVA,9947891.0,474020000.0,1.99
301,301.0,301.0,301.0,301.0,301.0,01/21/2021,ARKK,REGENERON PHARMACEUTICALS,REGN,469845.0,251590000.0,1.05
302,302.0,302.0,302.0,302.0,302.0,01/21/2021,ARKK,10X GENOMICS INC-CLASS A,TXG,1387026.0,257330000.0,1.08
303,303.0,303.0,303.0,303.0,303.0,01/21/2021,ARKK,PAYPAL HOLDINGS INC,PYPL,2058794.0,511900000.0,2.14
304,304.0,304.0,304.0,304.0,304.0,01/21/2021,ARKK,PACCAR INC,PCAR,399823.0,39480000.0,0.17
305,305.0,305.0,305.0,305.0,305.0,01/21/2021,ARKK,PINTEREST INC- CLASS A,PINS,3127190.0,229910000.0,0.96
306,306.0,306.0,306.0,306.0,306.0,01/21/2021,ARKK,TENCENT HOLDINGS LTD-UNS ADR,TCEHY,5870858.0,519220000.0,2.17
307,307.0,307.0,307.0,307.0,307.0,01/21/2021,ARKK,MORGAN STANLEY GOVT INSTL 8035,,302978244.55,302980000.0,1.27
308,308.0,308.0,308.0,308.0,308.0,01/22/2021,ARKK,ROKU INC,ROKU,4189002.0,1771320000.0,7.3
309,309.0,309.0,309.0,309.0,309.0,01/22/2021,ARKK,COMPUGEN LTD,CGEN,10084426.0,126460000.0,0.52
310,310.0,310.0,310.0,310.0,310.0,01/22/2021,ARKK,ORGANOVO HOLDINGS INC,ONVO,522920.0,7460000.0,0.03
311,311.0,311.0,311.0,311.0,311.0,01/22/2021,ARKK,SYROS PHARMACEUTICALS INC,SYRS,5056505.0,61640000.0,0.25
312,312.0,312.0,312.0,312.0,312.0,01/22/2021,ARKK,CERUS CORP,CERS,19063301.0,138400000.0,0.57
313,313.0,313.0,313.0,313.0,313.0,01/22/2021,ARKK,HUYA INC-ADR,HUYA,6879589.0,165320000.0,0.68
314,314.0,314.0,314.0,314.0,314.0,01/22/2021,ARKK,SERES THERAPEUTICS INC,MCRB,8038025.0,193310000.0,0.8
315,315.0,315.0,315.0,315.0,315.0,01/22/2021,ARKK,VERACYTE INC,VCYT,4841473.0,267440000.0,1.1
316,316.0,316.0,316.0,316.0,316.0,01/22/2021,ARKK,STRATASYS LTD,SSYS,7049806.0,268950000.0,1.11
317,317.0,317.0,317.0,317.0,317.0,01/22/2021,ARKK,PACIFIC BIOSCIENCES OF CALIF,PACB,7257224.0,271570000.0,1.12
318,318.0,318.0,318.0,318.0,318.0,01/22/2021,ARKK,2U INC,TWOU,8055366.0,354190000.0,1.46
319,319.0,319.0,319.0,319.0,319.0,01/22/2021,ARKK,PAGERDUTY INC,PD,7552637.0,369100000.0,1.52
320,320.0,320.0,320.0,320.0,320.0,01/22/2021,ARKK,LENDINGTREE INC,TREE UW,1224240.0,389360000.0,1.6
321,321.0,321.0,321.0,321.0,321.0,01/22/2021,ARKK,MATERIALISE NV-ADR,MTLS,6006937.0,415860000.0,1.71
322,322.0,322.0,322.0,322.0,322.0,01/22/2021,ARKK,EDITAS MEDICINE INC,EDIT,6655763.0,437680000.0,1.8
323,323.0,323.0,323.0,323.0,323.0,01/22/2021,ARKK,INTELLIA THERAPEUTICS INC,NTLA,6456860.0,480130000.0,1.98
324,324.0,324.0,324.0,324.0,324.0,01/22/2021,ARKK,PURE STORAGE INC - CLASS A,PSTG,22255488.0,511430000.0,2.11
325,325.0,325.0,325.0,325.0,325.0,01/22/2021,ARKK,PROTO LABS INC,PRLB,3157475.0,609230000.0,2.51
326,326.0,326.0,326.0,326.0,326.0,01/22/2021,ARKK,INVITAE CORP,NVTA,17456809.0,963790000.0,3.97
327,327.0,327.0,327.0,327.0,327.0,01/22/2021,ARKK,CRISPR THERAPEUTICS AG,CRSP,6070635.0,1144250000.0,4.71
328,328.0,328.0,328.0,328.0,328.0,01/22/2021,ARKK,FATE THERAPEUTICS INC,FATE,283282.0,27530000.0,0.11
329,329.0,329.0,329.0,329.0,329.0,01/22/2021,ARKK,SHOPIFY INC - CLASS A,SHOP,448675.0,536930000.0,2.21
330,330.0,330.0,330.0,330.0,330.0,01/22/2021,ARKK,REGENERON PHARMACEUTICALS,REGN,472562.0,254130000.0,1.05
331,331.0,331.0,331.0,331.0,331.0,01/22/2021,ARKK,SYNOPSYS INC,SNPS,855822.0,231190000.0,0.95
332,332.0,332.0,332.0,332.0,332.0,01/22/2021,ARKK,SPLUNK INC,SPLK,1221373.0,208730000.0,0.86
333,333.0,333.0,333.0,333.0,333.0,01/22/2021,ARKK,NOVARTIS AG-SPONSORED ADR,NVS,1237924.0,119950000.0,0.49
334,334.0,334.0,334.0,334.0,334.0,01/22/2021,ARKK,SEA LTD-ADR,SE,1250601.0,295750000.0,1.22
335,335.0,335.0,335.0,335.0,335.0,01/22/2021,ARKK,ZOOM VIDEO COMMUNICATIONS-A,ZM,1270995.0,487300000.0,2.01
336,336.0,336.0,336.0,336.0,336.0,01/22/2021,ARKK,TWILIO INC - A,TWLO,1326530.0,520010000.0,2.14
337,337.0,337.0,337.0,337.0,337.0,01/22/2021,ARKK,NANOSTRING TECHNOLOGIES INC,NSTG,1648967.0,130140000.0,0.54
338,338.0,338.0,338.0,338.0,338.0,01/22/2021,ARKK,UNITY SOFTWARE INC,U,1809849.0,278770000.0,1.15
339,339.0,339.0,339.0,339.0,339.0,01/22/2021,ARKK,DOCUSIGN INC,DOCU,1886191.0,481260000.0,1.98
340,340.0,340.0,340.0,340.0,340.0,01/22/2021,ARKK,SPOTIFY TECHNOLOGY SA,SPOT,1976100.0,669820000.0,2.76
341,341.0,341.0,341.0,341.0,341.0,01/22/2021,ARKK,TESLA INC,TSLA,2591625.0,2194170000.0,9.04
342,342.0,342.0,342.0,342.0,342.0,01/22/2021,ARKK,BAIDU INC - SPON ADR,BIDU,2719661.0,687390000.0,2.83
343,343.0,343.0,343.0,343.0,343.0,01/22/2021,ARKK,TWIST BIOSCIENCE CORP,TWST,2891285.0,551190000.0,2.27
344,344.0,344.0,344.0,344.0,344.0,01/22/2021,ARKK,INTERCONTINENTAL EXCHANGE IN,ICE,3009370.0,336810000.0,1.39
345,345.0,345.0,345.0,345.0,345.0,01/22/2021,ARKK,EXACT SCIENCES CORP,EXAS,3373541.0,506030000.0,2.08
346,346.0,346.0,346.0,346.0,346.0,01/22/2021,ARKK,TELADOC HEALTH INC,TDOC,4500017.0,1183500000.0,4.87
347,347.0,347.0,347.0,347.0,347.0,01/22/2021,ARKK,ZILLOW GROUP INC - C,Z,4879210.0,711490000.0,2.93
348,348.0,348.0,348.0,348.0,348.0,01/22/2021,ARKK,SQUARE INC - A,SQ,4969321.0,1107560000.0,4.56
349,349.0,349.0,349.0,349.0,349.0,01/22/2021,ARKK,KE HOLDINGS INC,BEKE,5032011.0,359540000.0,1.48
350,350.0,350.0,350.0,350.0,350.0,01/22/2021,ARKK,IRIDIUM COMMUNICATIONS INC,IRDM,5477686.0,268410000.00000003,1.11
351,351.0,351.0,351.0,351.0,351.0,01/22/2021,ARKK,TENCENT HOLDINGS LTD-UNS ADR,TCEHY,5904925.0,533510000.0,2.2
352,352.0,352.0,352.0,352.0,352.0,01/22/2021,ARKK,10X GENOMICS INC-CLASS A,TXG,1432006.0,267790000.00000003,1.1
353,353.0,353.0,353.0,353.0,353.0,01/22/2021,ARKK,PACCAR INC,PCAR,450058.0,44490000.0,0.18
354,354.0,354.0,354.0,354.0,354.0,01/22/2021,ARKK,IOVANCE BIOTHERAPEUTICS INC,IOVA,10005613.0,475770000.0,1.96
355,355.0,355.0,355.0,355.0,355.0,01/22/2021,ARKK,PINTEREST INC- CLASS A,PINS,3195729.0,233540000.0,0.96
356,356.0,356.0,356.0,356.0,356.0,01/22/2021,ARKK,NINTENDO CO LTD-UNSPONS ADR,NTDOY,3631410.0,281400000.0,1.16
357,357.0,357.0,357.0,357.0,357.0,01/22/2021,ARKK,PAYPAL HOLDINGS INC,PYPL,2151597.0,542200000.0,2.23
358,358.0,358.0,358.0,358.0,358.0,01/22/2021,ARKK,TAIWAN SEMICONDUCTOR-SP ADR,TSM,3709659.0,479070000.0,1.97
359,359.0,359.0,359.0,359.0,359.0,01/22/2021,ARKK,MORGAN STANLEY GOVT INSTL 8035,,328760235.71,328760000.0,1.35
360,360.0,360.0,360.0,360.0,360.0,01/25/2021,ARKK,MORGAN STANLEY GOVT INSTL 8035,,133090479.41,133090000.0,0.55
361,361.0,361.0,361.0,361.0,361.0,01/25/2021,ARKK,COMPUGEN LTD,CGEN,10029658.0,126880000.0,0.52
362,362.0,362.0,362.0,362.0,362.0,01/25/2021,ARKK,ORGANOVO HOLDINGS INC,ONVO,513313.0,7410000.0,0.03
363,363.0,363.0,363.0,363.0,363.0,01/25/2021,ARKK,SYROS PHARMACEUTICALS INC,SYRS,5056505.0,61790000.0,0.25
364,364.0,364.0,364.0,364.0,364.0,01/25/2021,ARKK,CERUS CORP,CERS,19063301.0,138780000.0,0.57
365,365.0,365.0,365.0,365.0,365.0,01/25/2021,ARKK,HUYA INC-ADR,HUYA,6879589.0,171920000.0,0.71
366,366.0,366.0,366.0,366.0,366.0,01/25/2021,ARKK,SERES THERAPEUTICS INC,MCRB,8038025.0,199660000.0,0.82
367,367.0,367.0,367.0,367.0,367.0,01/25/2021,ARKK,PACIFIC BIOSCIENCES OF CALIF,PACB,7257224.0,260900000.0,1.07
368,368.0,368.0,368.0,368.0,368.0,01/25/2021,ARKK,VERACYTE INC,VCYT,4841473.0,268120000.0,1.1
369,369.0,369.0,369.0,369.0,369.0,01/25/2021,ARKK,STRATASYS LTD,SSYS,7049806.0,281990000.0,1.16
370,370.0,370.0,370.0,370.0,370.0,01/25/2021,ARKK,2U INC,TWOU,8055366.0,348070000.0,1.43
371,371.0,371.0,371.0,371.0,371.0,01/25/2021,ARKK,PAGERDUTY INC,PD,7552637.0,362900000.0,1.49
372,372.0,372.0,372.0,372.0,372.0,01/25/2021,ARKK,LENDINGTREE INC,TREE UW,1224240.0,401560000.0,1.65
373,373.0,373.0,373.0,373.0,373.0,01/25/2021,ARKK,MATERIALISE NV-ADR,MTLS,6006937.0,411230000.0,1.69
374,374.0,374.0,374.0,374.0,374.0,01/25/2021,ARKK,EDITAS MEDICINE INC,EDIT,6655763.0,435750000.0,1.79
375,375.0,375.0,375.0,375.0,375.0,01/25/2021,ARKK,INTELLIA THERAPEUTICS INC,NTLA,6456860.0,461020000.0,1.9
376,376.0,376.0,376.0,376.0,376.0,01/25/2021,ARKK,PURE STORAGE INC - CLASS A,PSTG,22255488.0,517220000.0,2.13
377,377.0,377.0,377.0,377.0,377.0,01/25/2021,ARKK,PROTO LABS INC,PRLB,3157475.0,656340000.0,2.7
378,378.0,378.0,378.0,378.0,378.0,01/25/2021,ARKK,INVITAE CORP,NVTA,17456809.0,911770000.0,3.76
379,379.0,379.0,379.0,379.0,379.0,01/25/2021,ARKK,CRISPR THERAPEUTICS AG,CRSP,6070635.0,1100240000.0,4.53
380,380.0,380.0,380.0,380.0,380.0,01/25/2021,ARKK,FATE THERAPEUTICS INC,FATE,284314.0,27330000.0,0.11
381,381.0,381.0,381.0,381.0,381.0,01/25/2021,ARKK,SHOPIFY INC - CLASS A,SHOP,450307.0,543030000.0,2.24
382,382.0,382.0,382.0,382.0,382.0,01/25/2021,ARKK,REGENERON PHARMACEUTICALS,REGN,474278.0,260000000.0,1.07
383,383.0,383.0,383.0,383.0,383.0,01/25/2021,ARKK,SYNOPSYS INC,SNPS,858942.0,231600000.0,0.95
384,384.0,384.0,384.0,384.0,384.0,01/25/2021,ARKK,SPLUNK INC,SPLK,1225825.0,210730000.0,0.87
385,385.0,385.0,385.0,385.0,385.0,01/25/2021,ARKK,NOVARTIS AG-SPONSORED ADR,NVS,1242436.0,122340000.0,0.5
386,386.0,386.0,386.0,386.0,386.0,01/25/2021,ARKK,SEA LTD-ADR,SE,1255161.0,287030000.0,1.18
387,387.0,387.0,387.0,387.0,387.0,01/25/2021,ARKK,ZOOM VIDEO COMMUNICATIONS-A,ZM,1275627.0,499830000.0,2.06
388,388.0,388.0,388.0,388.0,388.0,01/25/2021,ARKK,TWILIO INC - A,TWLO,1331366.0,505920000.0,2.08
389,389.0,389.0,389.0,389.0,389.0,01/25/2021,ARKK,10X GENOMICS INC-CLASS A,TXG,1437226.0,263370000.0,1.08
390,390.0,390.0,390.0,390.0,390.0,01/25/2021,ARKK,NANOSTRING TECHNOLOGIES INC,NSTG,1654979.0,127480000.0,0.53
391,391.0,391.0,391.0,391.0,391.0,01/25/2021,ARKK,UNITY SOFTWARE INC,U,1816449.0,275250000.0,1.13
392,392.0,392.0,392.0,392.0,392.0,01/25/2021,ARKK,DOCUSIGN INC,DOCU,1893067.0,462670000.0,1.91
393,393.0,393.0,393.0,393.0,393.0,01/25/2021,ARKK,SPOTIFY TECHNOLOGY SA,SPOT,1983300.0,661650000.0,2.73
394,394.0,394.0,394.0,394.0,394.0,01/25/2021,ARKK,PAYPAL HOLDINGS INC,PYPL,2159433.0,535000000.0,2.2
395,395.0,395.0,395.0,395.0,395.0,01/25/2021,ARKK,TESLA INC,TSLA,2601069.0,2291020000.0,9.44
396,396.0,396.0,396.0,396.0,396.0,01/25/2021,ARKK,BAIDU INC - SPON ADR,BIDU,2729573.0,695690000.0,2.87
397,397.0,397.0,397.0,397.0,397.0,01/25/2021,ARKK,TWIST BIOSCIENCE CORP,TWST,2901821.0,539850000.0,2.22
398,398.0,398.0,398.0,398.0,398.0,01/25/2021,ARKK,INTERCONTINENTAL EXCHANGE IN,ICE,3020338.0,339670000.0,1.4
399,399.0,399.0,399.0,399.0,399.0,01/25/2021,ARKK,PINTEREST INC- CLASS A,PINS,3207369.0,235320000.0,0.97
400,400.0,400.0,400.0,400.0,400.0,01/25/2021,ARKK,EXACT SCIENCES CORP,EXAS,3385829.0,521180000.0,2.15
401,401.0,401.0,401.0,401.0,401.0,01/25/2021,ARKK,TAIWAN SEMICONDUCTOR-SP ADR,TSM,3723171.0,485950000.0,2.0
402,402.0,402.0,402.0,402.0,402.0,01/25/2021,ARKK,ROKU INC,ROKU,4204266.0,1793710000.0,7.39
403,403.0,403.0,403.0,403.0,403.0,01/25/2021,ARKK,TELADOC HEALTH INC,TDOC,4516409.0,1296620000.0,5.34
404,404.0,404.0,404.0,404.0,404.0,01/25/2021,ARKK,ZILLOW GROUP INC - C,Z,4896994.0,719170000.0,2.96
405,405.0,405.0,405.0,405.0,405.0,01/25/2021,ARKK,SQUARE INC - A,SQ,4987429.0,1080480000.0,4.45
406,406.0,406.0,406.0,406.0,406.0,01/25/2021,ARKK,KE HOLDINGS INC,BEKE,5050347.0,357560000.0,1.47
407,407.0,407.0,407.0,407.0,407.0,01/25/2021,ARKK,IRIDIUM COMMUNICATIONS INC,IRDM,5497654.0,269390000.0,1.11
408,408.0,408.0,408.0,408.0,408.0,01/25/2021,ARKK,TENCENT HOLDINGS LTD-UNS ADR,TCEHY,5926441.0,568940000.0,2.34
409,409.0,409.0,409.0,409.0,409.0,01/25/2021,ARKK,IOVANCE BIOTHERAPEUTICS INC,IOVA,10042069.0,467060000.0,1.92
410,410.0,410.0,410.0,410.0,410.0,01/25/2021,ARKK,PACCAR INC,PCAR,542683.0,53150000.0,0.22
411,411.0,411.0,411.0,411.0,411.0,01/25/2021,ARKK,NINTENDO CO LTD-UNSPONS ADR,NTDOY,3861846.0,293500000.0,1.21
412,412.0,412.0,412.0,412.0,0.0,1/26/2021,ARKK,10X GENOMICS INC-CLASS A,TXG,1435921.0,246619431.75,1.05
413,413.0,413.0,413.0,413.0,1.0,1/26/2021,ARKK,2U INC,TWOU,8035870.0,344015594.7,1.46
414,414.0,414.0,414.0,414.0,2.0,1/26/2021,ARKK,BAIDU INC - SPON ADR,BIDU,2727095.0,677137688.5,2.88
415,415.0,415.0,415.0,415.0,3.0,1/26/2021,ARKK,CERUS CORP,CERS,19017173.0,132169352.35,0.56
416,416.0,416.0,416.0,416.0,4.0,1/26/2021,ARKK,COMPUGEN LTD,CGEN,10005386.0,123966732.54,0.53
417,417.0,417.0,417.0,417.0,5.0,1/26/2021,ARKK,CRISPR THERAPEUTICS AG,CRSP,6055947.0,1026664694.91,4.37
418,418.0,418.0,418.0,418.0,6.0,1/26/2021,ARKK,DOCUSIGN INC,DOCU,1891348.0,444674828.28,1.89
419,419.0,419.0,419.0,419.0,7.0,1/26/2021,ARKK,EDITAS MEDICINE INC,EDIT,6639659.0,402894508.12,1.71
420,420.0,420.0,420.0,420.0,8.0,1/26/2021,ARKK,EXACT SCIENCES CORP,EXAS,3382757.0,477104047.28,2.03
421,421.0,421.0,421.0,421.0,9.0,1/26/2021,ARKK,FATE THERAPEUTICS INC,FATE,284056.0,25369041.36,0.11
422,422.0,422.0,422.0,422.0,10.0,1/26/2021,ARKK,HUYA INC-ADR,HUYA,6862941.0,183652301.16,0.78
423,423.0,423.0,423.0,423.0,11.0,1/26/2021,ARKK,INTELLIA THERAPEUTICS INC,NTLA,6441236.0,413849413.0,1.76
424,424.0,424.0,424.0,424.0,12.0,1/26/2021,ARKK,INTERCONTINENTAL EXCHANGE IN,ICE,3017596.0,339932189.4,1.45
425,425.0,425.0,425.0,425.0,13.0,1/26/2021,ARKK,INVITAE CORP,NVTA,17414569.0,838511497.35,3.57
426,426.0,426.0,426.0,426.0,14.0,1/26/2021,ARKK,IOVANCE BIOTHERAPEUTICS INC,IOVA,10032963.0,447570479.43,1.9
427,427.0,427.0,427.0,427.0,15.0,1/26/2021,ARKK,IRIDIUM COMMUNICATIONS INC,IRDM,5492670.0,267657809.1,1.14
428,428.0,428.0,428.0,428.0,16.0,1/26/2021,ARKK,KE HOLDINGS INC,BEKE,5045763.0,321516018.36,1.37
429,429.0,429.0,429.0,429.0,17.0,1/26/2021,ARKK,LENDINGTREE INC,TREE UW,1221280.0,410166888.0,1.74
430,430.0,430.0,430.0,430.0,18.0,1/26/2021,ARKK,MATERIALISE NV-ADR,MTLS,5992401.0,406524483.84,1.73
431,431.0,431.0,431.0,431.0,19.0,1/26/2021,ARKK,MORGAN STANLEY GOVT INSTL 8035,,100911172.1,100911172.1,0.43
432,432.0,432.0,432.0,432.0,20.0,1/26/2021,ARKK,NANOSTRING TECHNOLOGIES INC,NSTG,1653476.0,114023704.96,0.48
433,433.0,433.0,433.0,433.0,21.0,1/26/2021,ARKK,NINTENDO CO LTD-UNSPONS ADR,NTDOY,3983542.0,299960712.6,1.28
434,434.0,434.0,434.0,434.0,22.0,1/26/2021,ARKK,NOVARTIS AG-SPONSORED ADR,NVS,1605599.0,154041168.06,0.66
435,435.0,435.0,435.0,435.0,23.0,1/26/2021,ARKK,ORGANOVO HOLDINGS INC,ONVO ,511011.0,6770895.75,0.03
436,436.0,436.0,436.0,436.0,24.0,1/26/2021,ARKK,PACCAR INC,PCAR,840691.0,82227986.71,0.35
437,437.0,437.0,437.0,437.0,25.0,1/26/2021,ARKK,PACIFIC BIOSCIENCES OF CALIF,PACB,7239664.0,238040152.32,1.01
438,438.0,438.0,438.0,438.0,26.0,1/26/2021,ARKK,PAGERDUTY INC,PD,7534365.0,360820739.85,1.53
439,439.0,439.0,439.0,439.0,27.0,1/26/2021,ARKK,PAYPAL HOLDINGS INC,PYPL,2157474.0,519951234.0,2.21
440,440.0,440.0,440.0,440.0,28.0,1/26/2021,ARKK,PINTEREST INC- CLASS A,PINS,3204459.0,221876741.16,0.94
441,441.0,441.0,441.0,441.0,29.0,1/26/2021,ARKK,PROTO LABS INC,PRLB,3149835.0,705563040.0,3.0
442,442.0,442.0,442.0,442.0,30.0,1/26/2021,ARKK,PURE STORAGE INC - CLASS A,PSTG,22201632.0,499758736.32,2.13
443,443.0,443.0,443.0,443.0,31.0,1/26/2021,ARKK,REGENERON PHARMACEUTICALS,REGN,473849.0,257821240.9,1.1
444,444.0,444.0,444.0,444.0,32.0,1/26/2021,ARKK,ROKU INC,ROKU,4200450.0,1694461530.0,7.21
445,445.0,445.0,445.0,445.0,33.0,1/26/2021,ARKK,SEA LTD-ADR,SE,1254021.0,272398441.62,1.16
446,446.0,446.0,446.0,446.0,34.0,1/26/2021,ARKK,SERES THERAPEUTICS INC,MCRB,8018577.0,192846776.85,0.82
447,447.0,447.0,447.0,447.0,35.0,1/26/2021,ARKK,SHOPIFY INC - CLASS A,SHOP,449899.0,521779363.23,2.22
448,448.0,448.0,448.0,448.0,36.0,1/26/2021,ARKK,SPLUNK INC,SPLK,1224712.0,212805957.12,0.91
449,449.0,449.0,449.0,449.0,37.0,1/26/2021,ARKK,SPOTIFY TECHNOLOGY SA,SPOT,1981500.0,667785315.0,2.84
450,450.0,450.0,450.0,450.0,38.0,1/26/2021,ARKK,SQUARE INC - A,SQ,4982902.0,1042273611.34,4.43
451,451.0,451.0,451.0,451.0,39.0,1/26/2021,ARKK,STRATASYS LTD,SSYS,7032750.0,298118272.5,1.27
452,452.0,452.0,452.0,452.0,40.0,1/26/2021,ARKK,SYNOPSYS INC,SNPS,858162.0,228348326.58,0.97
453,453.0,453.0,453.0,453.0,41.0,1/26/2021,ARKK,SYROS PHARMACEUTICALS INC,SYRS,5044273.0,57151613.09,0.24
454,454.0,454.0,454.0,454.0,42.0,1/26/2021,ARKK,TAIWAN SEMICONDUCTOR-SP ADR,TSM,3719793.0,471111783.45,2.0
455,455.0,455.0,455.0,455.0,43.0,1/26/2021,ARKK,TELADOC HEALTH INC,TDOC,4512311.0,1291558777.53,5.49
456,456.0,456.0,456.0,456.0,44.0,1/26/2021,ARKK,TENCENT HOLDINGS LTD-UNS ADR,TCEHY,5921062.0,546869286.32,2.33
457,457.0,457.0,457.0,457.0,45.0,1/26/2021,ARKK,TESLA INC,TSLA,2598708.0,2294893047.72,9.76
458,458.0,458.0,458.0,458.0,46.0,1/26/2021,ARKK,TWILIO INC - A,TWLO,1330157.0,472405258.55,2.01
459,459.0,459.0,459.0,459.0,47.0,1/26/2021,ARKK,TWIST BIOSCIENCE CORP,TWST,2899187.0,472045627.34,2.01
460,460.0,460.0,460.0,460.0,48.0,1/26/2021,ARKK,UNITY SOFTWARE INC,U,1814802.0,271222158.9,1.15
461,461.0,461.0,461.0,461.0,49.0,1/26/2021,ARKK,VERACYTE INC,VCYT,4829761.0,253900535.77,1.08
462,462.0,462.0,462.0,462.0,50.0,1/26/2021,ARKK,ZILLOW GROUP INC - C,Z,4892551.0,681385577.77,2.9
463,463.0,463.0,463.0,463.0,51.0,1/26/2021,ARKK,ZOOM VIDEO COMMUNICATIONS-A,ZM,1274469.0,477148448.91,2.03
464,464.0,464.0,464.0,0.0,,1/27/2021,ARKK,10X GENOMICS INC-CLASS A,TXG,1430701.0,233519017.22,1.02
465,465.0,465.0,465.0,1.0,,1/27/2021,ARKK,2U INC,TWOU,8001808.0,322392844.32,1.41
466,466.0,466.0,466.0,2.0,,1/27/2021,ARKK,BAIDU INC - SPON ADR,BIDU,2717183.0,644461463.94,2.82
467,467.0,467.0,467.0,3.0,,1/27/2021,ARKK,BEAM THERAPEUTICS INC,BEAM,144338.0,13280539.38,0.06
468,468.0,468.0,468.0,4.0,,1/27/2021,ARKK,CERUS CORP,CERS,18936575.0,124034566.25,0.54
469,469.0,469.0,469.0,5.0,,1/27/2021,ARKK,COMPUGEN LTD,CGEN,9962980.0,113976491.2,0.5
470,470.0,470.0,470.0,6.0,,1/27/2021,ARKK,CRISPR THERAPEUTICS AG,CRSP,6030285.0,988665225.75,4.33
471,471.0,471.0,471.0,7.0,,1/27/2021,ARKK,DOCUSIGN INC,DOCU,1884486.0,424367402.34,1.86
472,472.0,472.0,472.0,8.0,,1/27/2021,ARKK,EDITAS MEDICINE INC,EDIT,6611519.0,399996899.5,1.75
473,473.0,473.0,473.0,9.0,,1/27/2021,ARKK,EXACT SCIENCES CORP,EXAS,3370469.0,461248682.65,2.02
474,474.0,474.0,474.0,10.0,,1/27/2021,ARKK,FATE THERAPEUTICS INC,FATE,443024.0,38773460.48,0.17
475,475.0,475.0,475.0,11.0,,1/27/2021,ARKK,HUYA INC-ADR,HUYA,6833849.0,176586658.16,0.77
476,476.0,476.0,476.0,12.0,,1/27/2021,ARKK,INTELLIA THERAPEUTICS INC,NTLA,6413936.0,372713820.96,1.63
477,477.0,477.0,477.0,13.0,,1/27/2021,ARKK,INTERCONTINENTAL EXCHANGE IN,ICE,3006628.0,328774771.8,1.44
478,478.0,478.0,478.0,14.0,,1/27/2021,ARKK,INVITAE CORP,NVTA,17340761.0,826980892.09,3.62
479,479.0,479.0,479.0,15.0,,1/27/2021,ARKK,IOVANCE BIOTHERAPEUTICS INC,IOVA,9996521.0,425651864.18,1.87
480,480.0,480.0,480.0,16.0,,1/27/2021,ARKK,IRIDIUM COMMUNICATIONS INC,IRDM,5472714.0,266247536.1,1.17
481,481.0,481.0,481.0,17.0,,1/27/2021,ARKK,KE HOLDINGS INC,BEKE,5027427.0,310896085.68,1.36
482,482.0,482.0,482.0,18.0,,1/27/2021,ARKK,LENDINGTREE INC,TREE UW,1216100.0,403307404.0,1.77
483,483.0,483.0,483.0,19.0,,1/27/2021,ARKK,MATERIALISE NV-ADR,MTLS,5967005.0,387437634.65,1.7
484,484.0,484.0,484.0,20.0,,1/27/2021,ARKK,MORGAN STANLEY GOVT INSTL 8035,,102585712.06,102585712.06,0.45
485,485.0,485.0,485.0,21.0,,1/27/2021,ARKK,NANOSTRING TECHNOLOGIES INC,NSTG,1647464.0,104762235.76,0.46
486,486.0,486.0,486.0,22.0,,1/27/2021,ARKK,NINTENDO CO LTD-UNSPONS ADR,NTDOY,4003107.0,297350787.96,1.3
487,487.0,487.0,487.0,23.0,,1/27/2021,ARKK,NOVARTIS AG-SPONSORED ADR,NVS,1599767.0,148618354.3,0.65
488,488.0,488.0,488.0,24.0,,1/27/2021,ARKK,ORGANOVO HOLDINGS INC,ONVO ,500416.0,6800653.44,0.03
489,489.0,489.0,489.0,25.0,,1/27/2021,ARKK,PACCAR INC,PCAR,1243745.0,119897018.0,0.53
490,490.0,490.0,490.0,26.0,,1/27/2021,ARKK,PACIFIC BIOSCIENCES OF CALIF,PACB,7208976.0,223910794.56,0.98
491,491.0,491.0,491.0,27.0,,1/27/2021,ARKK,PAGERDUTY INC,PD,7502431.0,362592490.23,1.59
492,492.0,492.0,492.0,28.0,,1/27/2021,ARKK,PAYPAL HOLDINGS INC,PYPL,2149638.0,494287761.72,2.17
493,493.0,493.0,493.0,29.0,,1/27/2021,ARKK,PINTEREST INC- CLASS A,PINS,3192819.0,206479604.73,0.9
494,494.0,494.0,494.0,30.0,,1/27/2021,ARKK,PROTO LABS INC,PRLB,3088854.0,776815892.46,3.4
495,495.0,495.0,495.0,31.0,,1/27/2021,ARKK,PURE STORAGE INC - CLASS A,PSTG,22107524.0,504051547.2,2.21
496,496.0,496.0,496.0,32.0,,1/27/2021,ARKK,REGENERON PHARMACEUTICALS,REGN,472133.0,243412889.48,1.07
497,497.0,497.0,497.0,33.0,,1/27/2021,ARKK,ROKU INC,ROKU,4012677.0,1614139450.02,7.07
498,498.0,498.0,498.0,34.0,,1/27/2021,ARKK,SEA LTD-ADR,SE,1249461.0,257114084.58,1.13
499,499.0,499.0,499.0,35.0,,1/27/2021,ARKK,SERES THERAPEUTICS INC,MCRB,7984585.0,182288075.55,0.8
500,500.0,500.0,500.0,36.0,,1/27/2021,ARKK,SHOPIFY INC - CLASS A,SHOP,448267.0,489543425.36,2.15
501,501.0,501.0,501.0,37.0,,1/27/2021,ARKK,SPLUNK INC,SPLK,1220260.0,205784646.4,0.9
502,502.0,502.0,502.0,38.0,,1/27/2021,ARKK,SPOTIFY TECHNOLOGY SA,SPOT,1974300.0,651894117.0,2.86
503,503.0,503.0,503.0,39.0,,1/27/2021,ARKK,SQUARE INC - A,SQ,4964808.0,1005175027.68,4.4
504,504.0,504.0,504.0,40.0,,1/27/2021,ARKK,STRATASYS LTD,SSYS,7002944.0,315972833.28,1.38
505,505.0,505.0,505.0,41.0,,1/27/2021,ARKK,SYNOPSYS INC,SNPS,855042.0,217633840.26,0.95
506,506.0,506.0,506.0,42.0,,1/27/2021,ARKK,SYROS PHARMACEUTICALS INC,SYRS,5022895.0,52439023.8,0.23
507,507.0,507.0,507.0,43.0,,1/27/2021,ARKK,TAIWAN SEMICONDUCTOR-SP ADR,TSM,3706281.0,451202648.94,1.98
508,508.0,508.0,508.0,44.0,,1/27/2021,ARKK,TELADOC HEALTH INC,TDOC,4495919.0,1231612050.86,5.4
509,509.0,509.0,509.0,45.0,,1/27/2021,ARKK,TENCENT HOLDINGS LTD-UNS ADR,TCEHY,5899546.0,520398952.66,2.28
510,510.0,510.0,510.0,46.0,,1/27/2021,ARKK,TESLA INC,TSLA,2589264.0,2237538378.24,9.8
511,511.0,511.0,511.0,47.0,,1/27/2021,ARKK,TWILIO INC - A,TWLO,1325321.0,447653674.17,1.96
512,512.0,512.0,512.0,48.0,,1/27/2021,ARKK,TWIST BIOSCIENCE CORP,TWST,2888651.0,462213046.51,2.03
513,513.0,513.0,513.0,49.0,,1/27/2021,ARKK,UNITY SOFTWARE INC,U,1808214.0,281828234.04,1.23
514,514.0,514.0,514.0,50.0,,1/27/2021,ARKK,VERACYTE INC,VCYT,4809293.0,248929005.68,1.09
515,515.0,515.0,515.0,51.0,,1/27/2021,ARKK,ZILLOW GROUP INC - C,Z,4874781.0,621388334.07,2.72
516,516.0,516.0,516.0,52.0,,1/27/2021,ARKK,ZOOM VIDEO COMMUNICATIONS-A,ZM,1269837.0,470779369.38,2.06
517,517.0,517.0,0.0,,,1/28/2021,ARKK,10X GENOMICS INC-CLASS A,TXG,1430701.0,247969097.32,1.07
518,518.0,518.0,1.0,,,1/28/2021,ARKK,2U INC,TWOU,8001808.0,328314182.24,1.42
519,519.0,519.0,2.0,,,1/28/2021,ARKK,BAIDU INC - SPON ADR,BIDU,2717183.0,665356601.21,2.88
520,520.0,520.0,3.0,,,1/28/2021,ARKK,BEAM THERAPEUTICS INC,BEAM,144338.0,14417922.82,0.06
521,521.0,521.0,4.0,,,1/28/2021,ARKK,CERUS CORP,CERS,18936575.0,127348466.88,0.55
522,522.0,522.0,5.0,,,1/28/2021,ARKK,COMPUGEN LTD,CGEN,9962980.0,119555760.0,0.52
523,523.0,523.0,6.0,,,1/28/2021,ARKK,CRISPR THERAPEUTICS AG,CRSP,6030285.0,1009590314.7,4.37
524,524.0,524.0,7.0,,,1/28/2021,ARKK,DOCUSIGN INC,DOCU,1884486.0,441233552.04,1.91
525,525.0,525.0,8.0,,,1/28/2021,ARKK,EDITAS MEDICINE INC,EDIT,6611519.0,404162156.47,1.75
526,526.0,526.0,9.0,,,1/28/2021,ARKK,EXACT SCIENCES CORP,EXAS,3370469.0,470348948.95,2.03
527,527.0,527.0,10.0,,,1/28/2021,ARKK,FATE THERAPEUTICS INC,FATE,444539.0,40413040.49,0.17
528,528.0,528.0,11.0,,,1/28/2021,ARKK,HUYA INC-ADR,HUYA,6833849.0,175834934.77,0.76
529,529.0,529.0,12.0,,,1/28/2021,ARKK,INTELLIA THERAPEUTICS INC,NTLA,6413936.0,410299485.92,1.77
530,530.0,530.0,13.0,,,1/28/2021,ARKK,INTERCONTINENTAL EXCHANGE IN,ICE,3006628.0,338576379.08,1.46
531,531.0,531.0,14.0,,,1/28/2021,ARKK,INVITAE CORP,NVTA,17340761.0,883164957.73,3.82
532,532.0,532.0,15.0,,,1/28/2021,ARKK,IOVANCE BIOTHERAPEUTICS INC,IOVA,9996521.0,436348141.65,1.89
533,533.0,533.0,16.0,,,1/28/2021,ARKK,IRIDIUM COMMUNICATIONS INC,IRDM,5472714.0,272705338.62,1.18
534,534.0,534.0,17.0,,,1/28/2021,ARKK,KE HOLDINGS INC,BEKE,5027427.0,298679438.07,1.29
535,535.0,535.0,18.0,,,1/28/2021,ARKK,LENDINGTREE INC,TREE UW,1216100.0,397482285.0,1.72
536,536.0,536.0,19.0,,,1/28/2021,ARKK,MATERIALISE NV-ADR,MTLS,5967005.0,403846898.4,1.75
537,537.0,537.0,20.0,,,1/28/2021,ARKK,MORGAN STANLEY GOVT INSTL 8035,,40086775.69,40086775.69,0.17
538,538.0,538.0,21.0,,,1/28/2021,ARKK,NANOSTRING TECHNOLOGIES INC,NSTG,1647464.0,112422943.36,0.49
539,539.0,539.0,22.0,,,1/28/2021,ARKK,NINTENDO CO LTD-UNSPONS ADR,NTDOY,4003107.0,299752652.16,1.3
540,540.0,540.0,23.0,,,1/28/2021,ARKK,NOVARTIS AG-SPONSORED ADR,NVS,1749819.0,162453195.96,0.7
541,541.0,541.0,24.0,,,1/28/2021,ARKK,ORGANOVO HOLDINGS INC,ONVO ,500416.0,6570462.08,0.03
542,542.0,542.0,25.0,,,1/28/2021,ARKK,PACCAR INC,PCAR,1243745.0,116352344.75,0.5
543,543.0,543.0,26.0,,,1/28/2021,ARKK,PACIFIC BIOSCIENCES OF CALIF,PACB,7208976.0,247123697.28,1.07
544,544.0,544.0,27.0,,,1/28/2021,ARKK,PAGERDUTY INC,PD,7502431.0,365593462.63,1.58
545,545.0,545.0,28.0,,,1/28/2021,ARKK,PAYPAL HOLDINGS INC,PYPL,2149638.0,511162420.02,2.21
546,546.0,546.0,29.0,,,1/28/2021,ARKK,PINTEREST INC- CLASS A,PINS,3192819.0,218740029.69,0.95
547,547.0,547.0,30.0,,,1/28/2021,ARKK,PROTO LABS INC,PRLB,3088854.0,677910787.38,2.93
548,548.0,548.0,31.0,,,1/28/2021,ARKK,PURE STORAGE INC - CLASS A,PSTG,22107524.0,523506168.32,2.26
549,549.0,549.0,32.0,,,1/28/2021,ARKK,REGENERON PHARMACEUTICALS,REGN,472133.0,239026773.91,1.03
550,550.0,550.0,33.0,,,1/28/2021,ARKK,ROKU INC,ROKU,3956933.0,1598640501.33,6.91
551,551.0,551.0,34.0,,,1/28/2021,ARKK,SEA LTD-ADR,SE,1249461.0,274606538.58,1.19
552,552.0,552.0,35.0,,,1/28/2021,ARKK,SERES THERAPEUTICS INC,MCRB,7984585.0,190911427.35,0.83
553,553.0,553.0,36.0,,,1/28/2021,ARKK,SHOPIFY INC - CLASS A,SHOP,448267.0,502314552.19,2.17
554,554.0,554.0,37.0,,,1/28/2021,ARKK,SPLUNK INC,SPLK,1220260.0,205589404.8,0.89
555,555.0,555.0,38.0,,,1/28/2021,ARKK,SPOTIFY TECHNOLOGY SA,SPOT,1974300.0,642516192.0,2.78
556,556.0,556.0,39.0,,,1/28/2021,ARKK,SQUARE INC - A,SQ,4964808.0,1091810927.28,4.72
557,557.0,557.0,40.0,,,1/28/2021,ARKK,STRATASYS LTD,SSYS,7002944.0,306308770.56,1.32
558,558.0,558.0,41.0,,,1/28/2021,ARKK,SYNOPSYS INC,SNPS,855042.0,221592684.72,0.96
559,559.0,559.0,42.0,,,1/28/2021,ARKK,SYROS PHARMACEUTICALS INC,SYRS,5022895.0,53493831.75,0.23
560,560.0,560.0,43.0,,,1/28/2021,ARKK,TAIWAN SEMICONDUCTOR-SP ADR,TSM,3706281.0,466361338.23,2.02
561,561.0,561.0,44.0,,,1/28/2021,ARKK,TELADOC HEALTH INC,TDOC,4495919.0,1181707349.96,5.11
562,562.0,562.0,45.0,,,1/28/2021,ARKK,TENCENT HOLDINGS LTD-UNS ADR,TCEHY,5899546.0,529838226.26,2.29
563,563.0,563.0,46.0,,,1/28/2021,ARKK,TESLA INC,TSLA,2640907.0,2206292935.01,9.54
564,564.0,564.0,47.0,,,1/28/2021,ARKK,TWILIO INC - A,TWLO,1325321.0,478321602.11,2.07
565,565.0,565.0,48.0,,,1/28/2021,ARKK,TWIST BIOSCIENCE CORP,TWST,2888651.0,490290734.23,2.12
566,566.0,566.0,49.0,,,1/28/2021,ARKK,UNITY SOFTWARE INC,U,1808214.0,278790434.52,1.21
567,567.0,567.0,50.0,,,1/28/2021,ARKK,VERACYTE INC,VCYT,4809293.0,273504492.91,1.18
568,568.0,568.0,51.0,,,1/28/2021,ARKK,ZILLOW GROUP INC - C,Z,4874781.0,645177265.35,2.79
569,569.0,569.0,52.0,,,1/28/2021,ARKK,ZOOM VIDEO COMMUNICATIONS-A,ZM,1269837.0,480747589.83,2.08
570,570.0,0.0,,,,1/29/2021,ARKK,10X GENOMICS INC-CLASS A,TXG,1430701.0,244864476.15,1.08
571,571.0,1.0,,,,1/29/2021,ARKK,2U INC,TWOU,8001808.0,327273947.2,1.45
572,572.0,2.0,,,,1/29/2021,ARKK,BAIDU INC - SPON ADR,BIDU,2717183.0,638592348.66,2.82
573,573.0,3.0,,,,1/29/2021,ARKK,BEAM THERAPEUTICS INC,BEAM,240208.0,23163257.44,0.1
574,574.0,4.0,,,,1/29/2021,ARKK,CERUS CORP,CERS,18936575.0,124792029.25,0.55
575,575.0,5.0,,,,1/29/2021,ARKK,COMPUGEN LTD,CGEN,9962980.0,121149836.8,0.54
576,576.0,6.0,,,,1/29/2021,ARKK,CRISPR THERAPEUTICS AG,CRSP,6030285.0,999218224.5,4.42
577,577.0,7.0,,,,1/29/2021,ARKK,DOCUSIGN INC,DOCU,1884486.0,438877944.54,1.94
578,578.0,8.0,,,,1/29/2021,ARKK,EDITAS MEDICINE INC,EDIT,6611519.0,405616690.65,1.79
579,579.0,9.0,,,,1/29/2021,ARKK,EXACT SCIENCES CORP,EXAS,3370469.0,462293528.04,2.04
580,580.0,10.0,,,,1/29/2021,ARKK,FATE THERAPEUTICS INC,FATE,540406.0,48976995.78,0.22
581,581.0,11.0,,,,1/29/2021,ARKK,HUYA INC-ADR,HUYA,6833849.0,176928350.61,0.78
582,582.0,12.0,,,,1/29/2021,ARKK,INTELLIA THERAPEUTICS INC,NTLA,6413936.0,401640672.32,1.78
583,583.0,13.0,,,,1/29/2021,ARKK,INTERCONTINENTAL EXCHANGE IN,ICE,3006628.0,331781399.8,1.47
584,584.0,14.0,,,,1/29/2021,ARKK,INVITAE CORP,NVTA,17340761.0,858714484.72,3.8
585,585.0,15.0,,,,1/29/2021,ARKK,IOVANCE BIOTHERAPEUTICS INC,IOVA,9996521.0,438247480.64,1.94
586,586.0,16.0,,,,1/29/2021,ARKK,IRIDIUM COMMUNICATIONS INC,IRDM,5472714.0,269640618.78,1.19
587,587.0,17.0,,,,1/29/2021,ARKK,KE HOLDINGS INC,BEKE,5388537.0,318462536.7,1.41
588,588.0,18.0,,,,1/29/2021,ARKK,LENDINGTREE INC,TREE UW,1216100.0,395864872.0,1.75
589,589.0,19.0,,,,1/29/2021,ARKK,MATERIALISE NV-ADR,MTLS,5967005.0,389585756.45,1.72
590,590.0,20.0,,,,1/29/2021,ARKK,MORGAN STANLEY GOVT INSTL 8035,,53734400.83,53734400.83,0.24
591,591.0,21.0,,,,1/29/2021,ARKK,NANOSTRING TECHNOLOGIES INC,NSTG,1647464.0,115371903.92,0.51
592,592.0,22.0,,,,1/29/2021,ARKK,NINTENDO CO LTD-UNSPONS ADR,NTDOY,4003107.0,289304542.89,1.28
593,593.0,23.0,,,,1/29/2021,ARKK,NOVARTIS AG-SPONSORED ADR,NVS,1842006.0,166646282.82,0.74
594,594.0,24.0,,,,1/29/2021,ARKK,ORGANOVO HOLDINGS INC,ONVO ,500416.0,6400320.64,0.03
595,595.0,25.0,,,,1/29/2021,ARKK,PACCAR INC,PCAR,1318206.0,120246751.32,0.53
596,596.0,26.0,,,,1/29/2021,ARKK,PACIFIC BIOSCIENCES OF CALIF,PACB,7208976.0,233210373.6,1.03
597,597.0,27.0,,,,1/29/2021,ARKK,PAGERDUTY INC,PD,7502431.0,365593462.63,1.62
598,598.0,28.0,,,,1/29/2021,ARKK,PAYPAL HOLDINGS INC,PYPL,2036638.0,477204649.78,2.11
599,599.0,29.0,,,,1/29/2021,ARKK,PINTEREST INC- CLASS A,PINS,2863301.0,196164751.51,0.87
600,600.0,30.0,,,,1/29/2021,ARKK,PROTO LABS INC,PRLB,3088854.0,654219277.2,2.89
601,601.0,31.0,,,,1/29/2021,ARKK,PURE STORAGE INC - CLASS A,PSTG,22107524.0,511347030.12,2.26
602,602.0,32.0,,,,1/29/2021,ARKK,REGENERON PHARMACEUTICALS,REGN,457226.0,230368747.84,1.02
603,603.0,33.0,,,,1/29/2021,ARKK,ROKU INC,ROKU,3901096.0,1517643376.88,6.71
604,604.0,34.0,,,,1/29/2021,ARKK,SEA LTD-ADR,SE,1249461.0,270770693.31,1.2
605,605.0,35.0,,,,1/29/2021,ARKK,SERES THERAPEUTICS INC,MCRB,7984585.0,189633893.75,0.84
606,606.0,36.0,,,,1/29/2021,ARKK,SHOPIFY INC - CLASS A,SHOP,448267.0,492461643.53,2.18
607,607.0,37.0,,,,1/29/2021,ARKK,SPLUNK INC,SPLK,1187753.0,196014877.59,0.87
608,608.0,38.0,,,,1/29/2021,ARKK,SPOTIFY TECHNOLOGY SA,SPOT,1974300.0,621904500.0,2.75
609,609.0,39.0,,,,1/29/2021,ARKK,SQUARE INC - A,SQ,4854798.0,1048442176.08,4.63
610,610.0,40.0,,,,1/29/2021,ARKK,STRATASYS LTD,SSYS,7002944.0,290692205.44,1.29
611,611.0,41.0,,,,1/29/2021,ARKK,SYNOPSYS INC,SNPS,855042.0,218420478.9,0.97
612,612.0,42.0,,,,1/29/2021,ARKK,SYROS PHARMACEUTICALS INC,SYRS,5022895.0,54975585.78,0.24
613,613.0,43.0,,,,1/29/2021,ARKK,TAIWAN SEMICONDUCTOR-SP ADR,TSM,3433557.0,417245846.64,1.84
614,614.0,44.0,,,,1/29/2021,ARKK,TELADOC HEALTH INC,TDOC,4495919.0,1186158309.77,5.24
615,615.0,45.0,,,,1/29/2021,ARKK,TENCENT HOLDINGS LTD-UNS ADR,TCEHY,5899546.0,526888453.26,2.33
616,616.0,46.0,,,,1/29/2021,ARKK,TESLA INC,TSLA,2726469.0,2163534945.57,9.56
617,617.0,47.0,,,,1/29/2021,ARKK,TWILIO INC - A,TWLO,1325321.0,476360127.03,2.11
618,618.0,48.0,,,,1/29/2021,ARKK,TWIST BIOSCIENCE CORP,TWST,2888651.0,475298635.54,2.1
619,619.0,49.0,,,,1/29/2021,ARKK,UNITY SOFTWARE INC,U,1808214.0,270906621.48,1.2
620,620.0,50.0,,,,1/29/2021,ARKK,VERACYTE INC,VCYT,4809293.0,272686913.1,1.21
621,621.0,51.0,,,,1/29/2021,ARKK,ZILLOW GROUP INC - C,Z,4780089.0,623610410.94,2.76
622,622.0,52.0,,,,1/29/2021,ARKK,ZOOM VIDEO COMMUNICATIONS-A,ZM,1269837.0,472468252.59,2.09
623,0.0,,,,,2/1/2021,ARKK,10X GENOMICS INC-CLASS A,TXG,1443316.0,255221568.28,1.08
624,1.0,,,,,2/1/2021,ARKK,2U INC,TWOU,8001808.0,337756315.68,1.43
625,2.0,,,,,2/1/2021,ARKK,BAIDU INC - SPON ADR,BIDU,2741137.0,663053628.93,2.81
626,3.0,,,,,2/1/2021,ARKK,BEAM THERAPEUTICS INC,BEAM,300543.0,29558404.05,0.13
627,4.0,,,,,2/1/2021,ARKK,CERUS CORP,CERS,18936575.0,128011247.0,0.54
628,5.0,,,,,2/1/2021,ARKK,COMPUGEN LTD,CGEN,9962980.0,129917259.2,0.55
629,6.0,,,,,2/1/2021,ARKK,CRISPR THERAPEUTICS AG,CRSP,6030285.0,999097618.8,4.24
630,7.0,,,,,2/1/2021,ARKK,DOCUSIGN INC,DOCU,1901103.0,437519844.42,1.86
631,8.0,,,,,2/1/2021,ARKK,EDITAS MEDICINE INC,EDIT,6611519.0,415798429.91,1.76
632,9.0,,,,,2/1/2021,ARKK,EXACT SCIENCES CORP,EXAS,3400165.0,470548834.35,2.0
633,10.0,,,,,2/1/2021,ARKK,FATE THERAPEUTICS INC,FATE,699671.0,65181350.36,0.28
634,11.0,,,,,2/1/2021,ARKK,HUYA INC-ADR,HUYA,6833849.0,176586658.16,0.75
635,12.0,,,,,2/1/2021,ARKK,INTELLIA THERAPEUTICS INC,NTLA,6413936.0,411453994.4,1.75
636,13.0,,,,,2/1/2021,ARKK,INTERCONTINENTAL EXCHANGE IN,ICE,3033134.0,343987726.94,1.46
637,14.0,,,,,2/1/2021,ARKK,INVITAE CORP,NVTA,17340761.0,893742821.94,3.79
638,15.0,,,,,2/1/2021,ARKK,IOVANCE BIOTHERAPEUTICS INC,IOVA,10084623.0,443925104.46,1.88
639,16.0,,,,,2/1/2021,ARKK,IRIDIUM COMMUNICATIONS INC,IRDM,5520941.0,275053280.62,1.17
640,17.0,,,,,2/1/2021,ARKK,KE HOLDINGS INC,BEKE,5436010.0,331433529.7,1.41
641,18.0,,,,,2/1/2021,ARKK,LENDINGTREE INC,TREE UW,1216100.0,389918143.0,1.65
642,19.0,,,,,2/1/2021,ARKK,MATERIALISE NV-ADR,MTLS,5967005.0,406532050.65,1.72
643,20.0,,,,,2/1/2021,ARKK,MORGAN STANLEY GOVT INSTL 8035,,20069352.82,20069352.82,0.09
644,21.0,,,,,2/1/2021,ARKK,NANOSTRING TECHNOLOGIES INC,NSTG,1661993.0,120660691.8,0.51
645,22.0,,,,,2/1/2021,ARKK,NINTENDO CO LTD-UNSPONS ADR,NTDOY,4038371.0,312569915.4,1.33
646,23.0,,,,,2/1/2021,ARKK,NOVARTIS AG-SPONSORED ADR,NVS,1858246.0,166796160.96,0.71
647,24.0,,,,,2/1/2021,ARKK,ORGANOVO HOLDINGS INC,ONVO ,500416.0,6670545.28,0.03
648,25.0,,,,,2/1/2021,ARKK,PACCAR INC,PCAR,1592864.0,145237339.52,0.62
649,26.0,,,,,2/1/2021,ARKK,PACIFIC BIOSCIENCES OF CALIF,PACB,7208976.0,246402799.68,1.05
650,27.0,,,,,2/1/2021,ARKK,PAGERDUTY INC,PD,7502431.0,379773057.22,1.61
651,28.0,,,,,2/1/2021,ARKK,PAYPAL HOLDINGS INC,PYPL,1979658.0,478780287.3,2.03
652,29.0,,,,,2/1/2021,ARKK,PINTEREST INC- CLASS A,PINS,2888531.0,204276912.32,0.87
653,30.0,,,,,2/1/2021,ARKK,PROTO LABS INC,PRLB,3088854.0,701416966.32,2.98
654,31.0,,,,,2/1/2021,ARKK,PURE STORAGE INC - CLASS A,PSTG,22107524.0,522621867.36,2.22
655,32.0,,,,,2/1/2021,ARKK,REGENERON PHARMACEUTICALS,REGN,456127.0,231749006.16,0.98
656,33.0,,,,,2/1/2021,ARKK,ROKU INC,ROKU,3935461.0,1637938868.2,6.95
657,34.0,,,,,2/1/2021,ARKK,SEA LTD-ADR,SE,1260481.0,294360127.93,1.25
658,35.0,,,,,2/1/2021,ARKK,SERES THERAPEUTICS INC,MCRB,7984585.0,199614625.0,0.85
659,36.0,,,,,2/1/2021,ARKK,SHOPIFY INC - CLASS A,SHOP,452211.0,517749940.23,2.2
660,37.0,,,,,2/1/2021,ARKK,SPLUNK INC,SPLK,1164545.0,199870858.35,0.85
661,38.0,,,,,2/1/2021,ARKK,SPOTIFY TECHNOLOGY SA,SPOT,1991700.0,662539005.0,2.81
662,39.0,,,,,2/1/2021,ARKK,SQUARE INC - A,SQ,4808821.0,1067269732.74,4.53
663,40.0,,,,,2/1/2021,ARKK,STRATASYS LTD,SSYS,7002944.0,318844040.32,1.35
664,41.0,,,,,2/1/2021,ARKK,SYNOPSYS INC,SNPS,862582.0,227350737.74,0.96
665,42.0,,,,,2/1/2021,ARKK,SYROS PHARMACEUTICALS INC,SYRS,5022895.0,54799784.45,0.23
666,43.0,,,,,2/1/2021,ARKK,TAIWAN SEMICONDUCTOR-SP ADR,TSM,3285412.0,416130283.92,1.77
667,44.0,,,,,2/1/2021,ARKK,TELADOC HEALTH INC,TDOC,4535533.0,1197834265.3,5.08
668,45.0,,,,,2/1/2021,ARKK,TENCENT HOLDINGS LTD-UNS ADR,TCEHY,5951543.0,558909403.13,2.37
669,46.0,,,,,2/1/2021,ARKK,TERADYNE INC,TER,295371.0,34720861.05,0.15
670,47.0,,,,,2/1/2021,ARKK,TESLA INC,TSLA,2750510.0,2309905803.1,9.8
671,48.0,,,,,2/1/2021,ARKK,TWILIO INC - A,TWLO,1337008.0,496765322.4,2.11
672,49.0,,,,,2/1/2021,ARKK,TWIST BIOSCIENCE CORP,TWST,2914113.0,525327150.51,2.23
673,50.0,,,,,2/1/2021,ARKK,UNITY SOFTWARE INC,U,1824135.0,278964965.55,1.18
674,51.0,,,,,2/1/2021,ARKK,VERACYTE INC,VCYT,4809293.0,292020270.96,1.24
675,52.0,,,,,2/1/2021,ARKK,ZILLOW GROUP INC - C,Z,4737183.0,649230930.15,2.75
676,53.0,,,,,2/1/2021,ARKK,ZOOM VIDEO COMMUNICATIONS-A,ZM,1281031.0,489264169.83,2.08
0,,,,,,2/2/2021,ARKK,10X GENOMICS INC-CLASS A,TXG,1464631.0,267383035.36,1.08
1,,,,,,2/2/2021,ARKK,2U INC,TWOU,8001808.0,363442119.36,1.47
2,,,,,,2/2/2021,ARKK,BAIDU INC - SPON ADR,BIDU,2781611.0,696849187.72,2.83
3,,,,,,2/2/2021,ARKK,BEAM THERAPEUTICS INC,BEAM,323212.0,31997988.0,0.13
4,,,,,,2/2/2021,ARKK,CERUS CORP,CERS,18936575.0,138047631.75,0.56
5,,,,,,2/2/2021,ARKK,COMPUGEN LTD,CGEN,9962980.0,134400600.2,0.55
6,,,,,,2/2/2021,ARKK,CRISPR THERAPEUTICS AG,CRSP,6030285.0,1013992422.75,4.11
7,,,,,,2/2/2021,ARKK,DOCUSIGN INC,DOCU,1929180.0,462694531.2,1.88
8,,,,,,2/2/2021,ARKK,EDITAS MEDICINE INC,EDIT,6611519.0,434178452.73,1.76
9,,,,,,2/2/2021,ARKK,EXACT SCIENCES CORP,EXAS,3450341.0,483772311.61,1.96
10,,,,,,2/2/2021,ARKK,FATE THERAPEUTICS INC,FATE,715888.0,69791921.12,0.28
11,,,,,,2/2/2021,ARKK,HUYA INC-ADR,HUYA,6833849.0,171256255.94,0.69
12,,,,,,2/2/2021,ARKK,INTELLIA THERAPEUTICS INC,NTLA,6413936.0,452310766.72,1.83
13,,,,,,2/2/2021,ARKK,INTERCONTINENTAL EXCHANGE IN,ICE,3077920.0,359439497.6,1.46
14,,,,,,2/2/2021,ARKK,INVITAE CORP,NVTA,17340761.0,929811604.82,3.77
15,,,,,,2/2/2021,ARKK,IOVANCE BIOTHERAPEUTICS INC,IOVA,10233485.0,484555514.75,1.96
16,,,,,,2/2/2021,ARKK,IRIDIUM COMMUNICATIONS INC,IRDM,5602428.0,278720793.0,1.13
17,,,,,,2/2/2021,ARKK,KE HOLDINGS INC,BEKE,5516272.0,356075357.6,1.44
18,,,,,,2/2/2021,ARKK,LENDINGTREE INC,TREE UW,1216100.0,398187623.0,1.61
19,,,,,,2/2/2021,ARKK,MATERIALISE NV-ADR,MTLS,5967005.0,411723345.0,1.67
20,,,,,,2/2/2021,ARKK,MORGAN STANLEY GOVT INSTL 8035,,50246414.68,50246414.68,0.2
21,,,,,,2/2/2021,ARKK,NANOSTRING TECHNOLOGIES INC,NSTG,1686542.0,128177192.0,0.52
22,,,,,,2/2/2021,ARKK,NINTENDO CO LTD-UNSPONS ADR,NTDOY,4098004.0,309235381.84,1.25
23,,,,,,2/2/2021,ARKK,NOVARTIS AG-SPONSORED ADR,NVS,1885686.0,168995179.32,0.69
24,,,,,,2/2/2021,ARKK,ORGANOVO HOLDINGS INC,ONVO ,500416.0,6710578.56,0.03
25,,,,,,2/2/2021,ARKK,PACCAR INC,PCAR,1970284.0,181049396.76,0.73
26,,,,,,2/2/2021,ARKK,PACIFIC BIOSCIENCES OF CALIF,PACB,7208976.0,254080359.12,1.03
27,,,,,,2/2/2021,ARKK,PAGERDUTY INC,PD,7502431.0,398229037.48,1.61
28,,,,,,2/2/2021,ARKK,PAYPAL HOLDINGS INC,PYPL,2008862.0,500407524.2,2.03
29,,,,,,2/2/2021,ARKK,PINTEREST INC- CLASS A,PINS,2931161.0,216524863.07,0.88
30,,,,,,2/2/2021,ARKK,PROTO LABS INC,PRLB,3088854.0,673215729.3,2.73
31,,,,,,2/2/2021,ARKK,PURE STORAGE INC - CLASS A,PSTG,22107524.0,548708745.68,2.23
32,,,,,,2/2/2021,ARKK,REGENERON PHARMACEUTICALS,REGN,462840.0,231410743.2,0.94
33,,,,,,2/2/2021,ARKK,ROKU INC,ROKU,3993526.0,1672289012.5,6.78
34,,,,,,2/2/2021,ARKK,SEA LTD-ADR,SE,1279101.0,305116752.54,1.24
35,,,,,,2/2/2021,ARKK,SERES THERAPEUTICS INC,MCRB,7984585.0,210793044.0,0.85
36,,,,,,2/2/2021,ARKK,SHOPIFY INC - CLASS A,SHOP,458875.0,566871231.25,2.3
37,,,,,,2/2/2021,ARKK,SPLUNK INC,SPLK,1115520.0,195316396.8,0.79
38,,,,,,2/2/2021,ARKK,SPOTIFY TECHNOLOGY SA,SPOT,2021100.0,697380555.0,2.83
39,,,,,,2/2/2021,ARKK,SQUARE INC - A,SQ,4879822.0,1110793881.86,4.5
40,,,,,,2/2/2021,ARKK,STRATASYS LTD,SSYS,7002944.0,325636896.0,1.32
41,,,,,,2/2/2021,ARKK,SYNOPSYS INC,SNPS,875322.0,236126862.72,0.96
42,,,,,,2/2/2021,ARKK,SYROS PHARMACEUTICALS INC,SYRS,5022895.0,58315810.95,0.24
43,,,,,,2/2/2021,ARKK,TAIWAN SEMICONDUCTOR-SP ADR,TSM,3333922.0,428208941.68,1.74
44,,,,,,2/2/2021,ARKK,TELADOC HEALTH INC,TDOC,4602467.0,1228214343.62,4.98
45,,,,,,2/2/2021,ARKK,TENCENT HOLDINGS LTD-UNS ADR,TCEHY,6039400.0,571327240.0,2.32
46,,,,,,2/2/2021,ARKK,TERADYNE INC,TER,905396.0,110105207.56,0.45
47,,,,,,2/2/2021,ARKK,TESLA INC,TSLA,2791131.0,2436071225.49,9.88
48,,,,,,2/2/2021,ARKK,TWILIO INC - A,TWLO,1356755.0,525403373.75,2.13
49,,,,,,2/2/2021,ARKK,TWIST BIOSCIENCE CORP,TWST,2957135.0,584211590.6,2.37
50,,,,,,2/2/2021,ARKK,UNITY SOFTWARE INC,U,1851085.0,273960580.0,1.11
51,,,,,,2/2/2021,ARKK,VERACYTE INC,VCYT,4809293.0,312748323.79,1.27
52,,,,,,2/2/2021,ARKK,ZILLOW GROUP INC - C,Z,4807106.0,696357375.16,2.82
53,,,,,,2/2/2021,ARKK,ZOOM VIDEO COMMUNICATIONS-A,ZM,1299945.0,509370448.8,2.07
