,Unnamed: 0,Unnamed: 0.1,date,fund,company,ticker,shares,market value($),weight(%)
0,0.0,0.0,01/13/2021,ARKW,ROKU INC,ROKU,859460.0,351180000.0,5.65
1,1.0,1.0,01/13/2021,ARKW,PURE STORAGE INC - CLASS A,PSTG,6570108.0,152950000.0,2.46
2,2.0,2.0,01/13/2021,ARKW,LENDINGTREE INC,TREE UW,356781.0,109710000.0,1.76
3,3.0,3.0,01/13/2021,ARKW,PAGERDUTY INC,PD,2237999.0,101580000.0,1.63
4,4.0,4.0,01/13/2021,ARKW,2U INC,TWOU,1892624.0,82220000.0,1.32
5,5.0,5.0,01/13/2021,ARKW,VERACYTE INC,VCYT,1654255.0,82630000.0,1.33
6,6.0,6.0,01/13/2021,ARKW,LENDINGCLUB CORP,LC,4628718.0,52440000.0,0.84
7,7.0,7.0,01/13/2021,ARKW,MERCADOLIBRE INC,MELI,48514.0,87240000.0,1.4
8,8.0,8.0,01/13/2021,ARKW,TRADE DESK INC/THE -CLASS A,TTD,88363.0,69400000.0,1.12
9,9.0,9.0,01/13/2021,ARKW,SHOPIFY INC - CLASS A,SHOP,100554.0,120650000.0,1.94
10,10.0,10.0,01/13/2021,ARKW,ADOBE INC,ADBE,116606.0,55040000.0,0.89
11,11.0,11.0,01/13/2021,ARKW,HUBSPOT INC,HUBS,155190.0,62130000.0,1.0
12,12.0,12.0,01/13/2021,ARKW,NVIDIA CORP,NVDA,166166.0,89940000.0,1.45
13,13.0,13.0,01/13/2021,ARKW,SYNOPSYS INC,SNPS,197263.0,50720000.0,0.82
14,14.0,14.0,01/13/2021,ARKW,OKTA INC,OKTA,198089.0,50830000.0,0.82
15,15.0,15.0,01/13/2021,ARKW,ATLASSIAN CORP PLC-CLASS A,TEAM,237636.0,54630000.0,0.88
16,16.0,16.0,01/13/2021,ARKW,SALESFORCE.COM INC,CRM,241902.0,52780000.0,0.85
17,17.0,17.0,01/13/2021,ARKW,NETFLIX INC,NFLX,248710.0,126290000.0,2.03
18,18.0,18.0,01/13/2021,ARKW,CROWDSTRIKE HOLDINGS INC - A,CRWD,278422.0,63040000.0,1.01
19,19.0,19.0,01/13/2021,ARKW,TWILIO INC - A,TWLO,308602.0,113870000.0,1.83
20,20.0,20.0,01/13/2021,ARKW,ALIBABA GROUP HOLDING-SP ADR,BABA,308744.0,72650000.0,1.17
21,21.0,21.0,01/13/2021,ARKW,ZOOM VIDEO COMMUNICATIONS-A,ZM,330102.0,120370000.0,1.94
22,22.0,22.0,01/13/2021,ARKW,SPLUNK INC,SPLK,346548.0,59140000.0,0.95
23,23.0,23.0,01/13/2021,ARKW,BAIDU INC - SPON ADR,BIDU,406061.0,96210000.0,1.55
24,24.0,24.0,01/13/2021,ARKW,DOCUSIGN INC,DOCU,433413.0,110890000.0,1.78
25,25.0,25.0,01/13/2021,ARKW,APPLE INC,AAPL,458050.0,59950000.0,0.96
26,26.0,26.0,01/13/2021,ARKW,PELOTON INTERACTIVE INC-A,PTON,477959.0,80020000.0,1.29
27,27.0,27.0,01/13/2021,ARKW,SKILLZ INC,SKLZ,491663.0,12940000.0,0.21
28,28.0,28.0,01/13/2021,ARKW,TAIWAN SEMICONDUCTOR-SP ADR,TSM,508551.0,60630000.0,0.97
29,29.0,29.0,01/13/2021,ARKW,FACEBOOK INC-CLASS A,FB,521146.0,131140000.0,2.11
30,30.0,30.0,01/13/2021,ARKW,UNITY SOFTWARE INC,U,521549.0,78820000.0,1.27
31,31.0,31.0,01/13/2021,ARKW,PAYPAL HOLDINGS INC,PYPL,528438.0,129410000.0,2.08
32,32.0,32.0,01/13/2021,ARKW,SPOTIFY TECHNOLOGY SA,SPOT,572614.0,198730000.0,3.2
33,33.0,33.0,01/13/2021,ARKW,SEA LTD-ADR,SE,604517.0,137090000.0,2.2
34,34.0,34.0,01/13/2021,ARKW,JD.COM INC-ADR,JD,718479.0,64980000.00000001,1.04
35,35.0,35.0,01/13/2021,ARKW,TESLA INC,TSLA,730116.0,623820000.0,10.03
36,36.0,36.0,01/13/2021,ARKW,CLOUDFLARE INC - CLASS A,NET,785360.0,64780000.0,1.04
37,37.0,37.0,01/13/2021,ARKW,ZILLOW GROUP INC - C,Z,848254.0,121500000.0,1.95
38,38.0,38.0,01/13/2021,ARKW,NINTENDO CO LTD-UNSPONS ADR,NTDOY,937636.0,74230000.0,1.19
39,39.0,39.0,01/13/2021,ARKW,TELADOC HEALTH INC,TDOC,1011116.0,234370000.0,3.77
40,40.0,40.0,01/13/2021,ARKW,INTERCONTINENTAL EXCHANGE IN,ICE,1076451.0,126850000.0,2.04
41,41.0,41.0,01/13/2021,ARKW,SQUARE INC - A,SQ,1117102.0,257960000.0,4.15
42,42.0,42.0,01/13/2021,ARKW,ADYEN NV-UNSPON ADR,ADYEY,1221723.0,53330000.0,0.86
43,43.0,43.0,01/13/2021,ARKW,FASTLY INC - CLASS A,FSLY,1233563.0,111750000.0,1.8
44,44.0,44.0,01/13/2021,ARKW,KE HOLDINGS INC,BEKE,1383070.0,88430000.0,1.42
45,45.0,45.0,01/13/2021,ARKW,PALANTIR TECHNOLOGIES INC-A,PLTR,1426909.0,36390000.0,0.59
46,46.0,46.0,01/13/2021,ARKW,AGORA INC-ADR,API,1700749.0,67540000.0,1.09
47,47.0,47.0,01/13/2021,ARKW,PINTEREST INC- CLASS A,PINS,1869194.0,136000000.0,2.19
48,48.0,48.0,01/13/2021,ARKW,TENCENT HOLDINGS LTD-UNS ADR,TCEHY,2496024.0,195760000.0,3.15
49,49.0,49.0,01/13/2021,ARKW,SNAP INC - A,SNAP,2558432.0,136700000.0,2.2
50,50.0,50.0,01/13/2021,ARKW,OPENDOOR TECHNOLOGIES INC,OPEN,3805448.0,102140000.0,1.64
51,51.0,51.0,01/13/2021,ARKW,NANO DIMENSION LTD - ADR,NNDM,3921609.0,44820000.0,0.72
52,52.0,52.0,01/13/2021,ARKW,HUYA INC-ADR,HUYA,4722199.0,102800000.0,1.65
53,53.0,53.0,01/13/2021,ARKW,GRAYSCALE BITCOIN TRUST BTC,GBTC,6641088.0,267970000.00000003,4.31
54,54.0,54.0,01/13/2021,ARKW,MORGAN STANLEY GOVT INSTL 8035,,29814490.71,29810000.0,0.48
55,55.0,55.0,01/14/2021,ARKW,MORGAN STANLEY GOVT INSTL 8035,,7018115.61,7020000.0,0.11
56,56.0,56.0,01/14/2021,ARKW,PURE STORAGE INC - CLASS A,PSTG,6570108.0,153410000.0,2.46
57,57.0,57.0,01/14/2021,ARKW,LENDINGTREE INC,TREE UW,356781.0,111830000.0,1.79
58,58.0,58.0,01/14/2021,ARKW,PAGERDUTY INC,PD,2237999.0,105230000.0,1.69
59,59.0,59.0,01/14/2021,ARKW,VERACYTE INC,VCYT,1654255.0,86980000.0,1.39
60,60.0,60.0,01/14/2021,ARKW,2U INC,TWOU,1892624.0,83430000.0,1.34
61,61.0,61.0,01/14/2021,ARKW,LENDINGCLUB CORP,LC,4628718.0,52070000.0,0.83
62,62.0,62.0,01/14/2021,ARKW,MERCADOLIBRE INC,MELI,48638.0,90100000.0,1.44
63,63.0,63.0,01/14/2021,ARKW,TRADE DESK INC/THE -CLASS A,TTD,88589.0,68680000.0,1.1
64,64.0,64.0,01/14/2021,ARKW,SHOPIFY INC - CLASS A,SHOP,100812.0,118840000.0,1.91
65,65.0,65.0,01/14/2021,ARKW,ADOBE INC,ADBE,116906.0,54160000.0,0.87
66,66.0,66.0,01/14/2021,ARKW,HUBSPOT INC,HUBS,155588.0,60430000.0,0.97
67,67.0,67.0,01/14/2021,ARKW,NVIDIA CORP,NVDA,166592.0,87960000.0,1.41
68,68.0,68.0,01/14/2021,ARKW,SYNOPSYS INC,SNPS,197769.0,51010000.0,0.82
69,69.0,69.0,01/14/2021,ARKW,OKTA INC,OKTA,198597.0,51460000.0,0.83
70,70.0,70.0,01/14/2021,ARKW,ATLASSIAN CORP PLC-CLASS A,TEAM,238246.0,53120000.0,0.85
71,71.0,71.0,01/14/2021,ARKW,SALESFORCE.COM INC,CRM,242522.0,52290000.0,0.84
72,72.0,72.0,01/14/2021,ARKW,NETFLIX INC,NFLX,249348.0,124890000.0,2.0
73,73.0,73.0,01/14/2021,ARKW,CROWDSTRIKE HOLDINGS INC - A,CRWD,279136.0,62980000.0,1.01
74,74.0,74.0,01/14/2021,ARKW,TWILIO INC - A,TWLO,309394.0,119150000.0,1.91
75,75.0,75.0,01/14/2021,ARKW,ALIBABA GROUP HOLDING-SP ADR,BABA,309536.0,75210000.0,1.21
76,76.0,76.0,01/14/2021,ARKW,ZOOM VIDEO COMMUNICATIONS-A,ZM,330948.0,126830000.0,2.03
77,77.0,77.0,01/14/2021,ARKW,SPLUNK INC,SPLK,347436.0,59390000.0,0.95
78,78.0,78.0,01/14/2021,ARKW,BAIDU INC - SPON ADR,BIDU,407103.0,101370000.0,1.63
79,79.0,79.0,01/14/2021,ARKW,DOCUSIGN INC,DOCU,434525.0,108740000.0,1.74
80,80.0,80.0,01/14/2021,ARKW,APPLE INC,AAPL,459224.0,59200000.0,0.95
81,81.0,81.0,01/14/2021,ARKW,PELOTON INTERACTIVE INC-A,PTON,479185.0,79190000.0,1.27
82,82.0,82.0,01/14/2021,ARKW,SKILLZ INC,SKLZ,492925.0,12880000.0,0.21
83,83.0,83.0,01/14/2021,ARKW,TAIWAN SEMICONDUCTOR-SP ADR,TSM,509855.0,64470000.0,1.03
84,84.0,84.0,01/14/2021,ARKW,FACEBOOK INC-CLASS A,FB,522482.0,128340000.0,2.06
85,85.0,85.0,01/14/2021,ARKW,UNITY SOFTWARE INC,U,522887.0,78650000.0,1.26
86,86.0,86.0,01/14/2021,ARKW,PAYPAL HOLDINGS INC,PYPL,529794.0,128240000.0,2.06
87,87.0,87.0,01/14/2021,ARKW,SPOTIFY TECHNOLOGY SA,SPOT,574082.0,196490000.0,3.15
88,88.0,88.0,01/14/2021,ARKW,SEA LTD-ADR,SE,606067.0,139190000.0,2.23
89,89.0,89.0,01/14/2021,ARKW,JD.COM INC-ADR,JD,720321.0,64280000.0,1.03
90,90.0,90.0,01/14/2021,ARKW,TESLA INC,TSLA,731988.0,618530000.0,9.92
91,91.0,91.0,01/14/2021,ARKW,CLOUDFLARE INC - CLASS A,NET,787374.0,63390000.0,1.02
92,92.0,92.0,01/14/2021,ARKW,ZILLOW GROUP INC - C,Z,850430.0,122210000.0,1.96
93,93.0,93.0,01/14/2021,ARKW,ROKU INC,ROKU,861664.0,360570000.0,5.78
94,94.0,94.0,01/14/2021,ARKW,NINTENDO CO LTD-UNSPONS ADR,NTDOY,940040.0,74460000.0,1.19
95,95.0,95.0,01/14/2021,ARKW,TELADOC HEALTH INC,TDOC,1013708.0,228630000.0,3.67
96,96.0,96.0,01/14/2021,ARKW,INTERCONTINENTAL EXCHANGE IN,ICE,1079211.0,124780000.0,2.0
97,97.0,97.0,01/14/2021,ARKW,SQUARE INC - A,SQ,1119966.0,260720000.00000003,4.18
98,98.0,98.0,01/14/2021,ARKW,ADYEN NV-UNSPON ADR,ADYEY,1224857.0,53070000.0,0.85
99,99.0,99.0,01/14/2021,ARKW,FASTLY INC - CLASS A,FSLY,1236727.0,112690000.0,1.81
100,100.0,100.0,01/14/2021,ARKW,KE HOLDINGS INC,BEKE,1386616.0,86720000.0,1.39
101,101.0,101.0,01/14/2021,ARKW,AGORA INC-ADR,API,1705111.0,66640000.0,1.07
102,102.0,102.0,01/14/2021,ARKW,PINTEREST INC- CLASS A,PINS,1873988.0,132980000.0,2.13
103,103.0,103.0,01/14/2021,ARKW,TENCENT HOLDINGS LTD-UNS ADR,TCEHY,2502424.0,202200000.0,3.24
104,104.0,104.0,01/14/2021,ARKW,SNAP INC - A,SNAP,2564992.0,125760000.0,2.02
105,105.0,105.0,01/14/2021,ARKW,OPENDOOR TECHNOLOGIES INC,OPEN,3815206.0,101220000.0,1.62
106,106.0,106.0,01/14/2021,ARKW,NANO DIMENSION LTD - ADR,NNDM,3931667.0,40770000.0,0.65
107,107.0,107.0,01/14/2021,ARKW,HUYA INC-ADR,HUYA,4734307.0,106050000.0,1.7
108,108.0,108.0,01/14/2021,ARKW,GRAYSCALE BITCOIN TRUST BTC,GBTC,6658118.0,289830000.0,4.65
109,109.0,109.0,01/14/2021,ARKW,PALANTIR TECHNOLOGIES INC-A,PLTR,1927669.0,48040000.0,0.77
110,110.0,110.0,01/15/2021,ARKW,PURE STORAGE INC - CLASS A,PSTG,6536496.0,149420000.0,2.43
111,111.0,111.0,01/15/2021,ARKW,HUYA INC-ADR,HUYA,4710087.0,103430000.0,1.68
112,112.0,112.0,01/15/2021,ARKW,LENDINGCLUB CORP,LC,4605038.0,49090000.0,0.8
113,113.0,113.0,01/15/2021,ARKW,PAGERDUTY INC,PD,2226551.0,101440000.0,1.65
114,114.0,114.0,01/15/2021,ARKW,2U INC,TWOU,1882940.0,80310000.0,1.31
115,115.0,115.0,01/15/2021,ARKW,VERACYTE INC,VCYT,1645791.0,83590000.0,1.36
116,116.0,116.0,01/15/2021,ARKW,LENDINGTREE INC,TREE UW,354957.0,107530000.0,1.75
117,117.0,117.0,01/15/2021,ARKW,MERCADOLIBRE INC,MELI,48824.0,90410000.0,1.47
118,118.0,118.0,01/15/2021,ARKW,TRADE DESK INC/THE -CLASS A,TTD,88928.0,69840000.0,1.14
119,119.0,119.0,01/15/2021,ARKW,SHOPIFY INC - CLASS A,SHOP,101199.0,118450000.0,1.93
120,120.0,120.0,01/15/2021,ARKW,ADOBE INC,ADBE,117356.0,53760000.0,0.87
121,121.0,121.0,01/15/2021,ARKW,HUBSPOT INC,HUBS,156185.0,60070000.0,0.98
122,122.0,122.0,01/15/2021,ARKW,NVIDIA CORP,NVDA,167231.0,86020000.0,1.4
123,123.0,123.0,01/15/2021,ARKW,SYNOPSYS INC,SNPS,198528.0,51400000.0,0.84
124,124.0,124.0,01/15/2021,ARKW,OKTA INC,OKTA,199359.0,50440000.0,0.82
125,125.0,125.0,01/15/2021,ARKW,ATLASSIAN CORP PLC-CLASS A,TEAM,239161.0,53320000.0,0.87
126,126.0,126.0,01/15/2021,ARKW,SALESFORCE.COM INC,CRM,243452.0,51890000.0,0.84
127,127.0,127.0,01/15/2021,ARKW,NETFLIX INC,NFLX,250305.0,124650000.0,2.03
128,128.0,128.0,01/15/2021,ARKW,CROWDSTRIKE HOLDINGS INC - A,CRWD,280207.0,61510000.0,1.0
129,129.0,129.0,01/15/2021,ARKW,TWILIO INC - A,TWLO,310582.0,120710000.0,1.96
130,130.0,130.0,01/15/2021,ARKW,ALIBABA GROUP HOLDING-SP ADR,BABA,310724.0,75650000.0,1.23
131,131.0,131.0,01/15/2021,ARKW,ZOOM VIDEO COMMUNICATIONS-A,ZM,332217.0,127750000.0,2.08
132,132.0,132.0,01/15/2021,ARKW,SPLUNK INC,SPLK,348768.0,59280000.0,0.96
133,133.0,133.0,01/15/2021,ARKW,BAIDU INC - SPON ADR,BIDU,408666.0,97620000.0,1.59
134,134.0,134.0,01/15/2021,ARKW,DOCUSIGN INC,DOCU,436193.0,108730000.0,1.77
135,135.0,135.0,01/15/2021,ARKW,APPLE INC,AAPL,460985.0,58610000.0,0.95
136,136.0,136.0,01/15/2021,ARKW,PELOTON INTERACTIVE INC-A,PTON,481024.0,75910000.0,1.23
137,137.0,137.0,01/15/2021,ARKW,SKILLZ INC,SKLZ,494818.0,12240000.0,0.2
138,138.0,138.0,01/15/2021,ARKW,TAIWAN SEMICONDUCTOR-SP ADR,TSM,511811.0,64090000.0,1.04
139,139.0,139.0,01/15/2021,ARKW,FACEBOOK INC-CLASS A,FB,524486.0,131830000.0,2.14
140,140.0,140.0,01/15/2021,ARKW,UNITY SOFTWARE INC,U,524894.0,78000000.0,1.27
141,141.0,141.0,01/15/2021,ARKW,PAYPAL HOLDINGS INC,PYPL,531828.0,127530000.0,2.07
142,142.0,142.0,01/15/2021,ARKW,SPOTIFY TECHNOLOGY SA,SPOT,576284.0,184310000.0,3.0
143,143.0,143.0,01/15/2021,ARKW,SEA LTD-ADR,SE,608392.0,137530000.0,2.24
144,144.0,144.0,01/15/2021,ARKW,JD.COM INC-ADR,JD,723084.0,63470000.0,1.03
145,145.0,145.0,01/15/2021,ARKW,TESLA INC,TSLA,734796.0,607060000.0,9.87
146,146.0,146.0,01/15/2021,ARKW,CLOUDFLARE INC - CLASS A,NET,790395.0,61530000.0,1.0
147,147.0,147.0,01/15/2021,ARKW,ZILLOW GROUP INC - C,Z,853694.0,117380000.0,1.91
148,148.0,148.0,01/15/2021,ARKW,ROKU INC,ROKU,864970.0,353170000.0,5.74
149,149.0,149.0,01/15/2021,ARKW,NINTENDO CO LTD-UNSPONS ADR,NTDOY,943646.0,74310000.0,1.21
150,150.0,150.0,01/15/2021,ARKW,TELADOC HEALTH INC,TDOC,1017599.0,229210000.0,3.73
151,151.0,151.0,01/15/2021,ARKW,INTERCONTINENTAL EXCHANGE IN,ICE,1083351.0,124790000.0,2.03
152,152.0,152.0,01/15/2021,ARKW,SQUARE INC - A,SQ,1124262.0,256050000.0,4.16
153,153.0,153.0,01/15/2021,ARKW,ADYEN NV-UNSPON ADR,ADYEY,1229558.0,53440000.0,0.87
154,154.0,154.0,01/15/2021,ARKW,FASTLY INC - CLASS A,FSLY,1241473.0,109510000.0,1.78
155,155.0,155.0,01/15/2021,ARKW,KE HOLDINGS INC,BEKE,1391942.0,86830000.0,1.41
156,156.0,156.0,01/15/2021,ARKW,AGORA INC-ADR,API,1711654.0,63570000.0,1.03
157,157.0,157.0,01/15/2021,ARKW,PINTEREST INC- CLASS A,PINS,1881179.0,131210000.0,2.13
158,158.0,158.0,01/15/2021,ARKW,PALANTIR TECHNOLOGIES INC-A,PLTR,1935067.0,49620000.0,0.81
159,159.0,159.0,01/15/2021,ARKW,TENCENT HOLDINGS LTD-UNS ADR,TCEHY,2512027.0,206610000.0,3.36
160,160.0,160.0,01/15/2021,ARKW,SNAP INC - A,SNAP,2574835.0,129540000.0,2.11
161,161.0,161.0,01/15/2021,ARKW,OPENDOOR TECHNOLOGIES INC,OPEN,3829850.0,99690000.0,1.62
162,162.0,162.0,01/15/2021,ARKW,NANO DIMENSION LTD - ADR,NNDM,3946765.0,40970000.0,0.67
163,163.0,163.0,01/15/2021,ARKW,GRAYSCALE BITCOIN TRUST BTC,GBTC,6683670.0,262940000.0,4.27
164,164.0,164.0,01/15/2021,ARKW,MORGAN STANLEY GOVT INSTL 8035,,25948949.68,25950000.0,0.42
165,165.0,165.0,01/19/2021,ARKW,MORGAN STANLEY GOVT INSTL 8035,,15030577.11,15030000.0,0.24
166,166.0,166.0,01/19/2021,ARKW,SNAP INC - A,SNAP,2329641.0,117390000.0,1.86
167,167.0,167.0,01/19/2021,ARKW,ROKU INC,ROKU,789030.0,342550000.0,5.43
168,168.0,168.0,01/19/2021,ARKW,TESLA INC,TSLA,723604.0,611120000.0,9.68
169,169.0,169.0,01/19/2021,ARKW,MERCADOLIBRE INC,MELI,39103.0,74810000.0,1.18
170,170.0,170.0,01/19/2021,ARKW,PURE STORAGE INC - CLASS A,PSTG,6536496.0,147990000.0,2.34
171,171.0,171.0,01/19/2021,ARKW,LENDINGTREE INC,TREE UW,354957.0,112240000.0,1.78
172,172.0,172.0,01/19/2021,ARKW,HUYA INC-ADR,HUYA,4710087.0,108330000.0,1.72
173,173.0,173.0,01/19/2021,ARKW,PAGERDUTY INC,PD,2226551.0,107320000.0,1.7
174,174.0,174.0,01/19/2021,ARKW,VERACYTE INC,VCYT,1645791.0,87890000.0,1.39
175,175.0,175.0,01/19/2021,ARKW,2U INC,TWOU,1882940.0,82600000.0,1.31
176,176.0,176.0,01/19/2021,ARKW,LENDINGCLUB CORP,LC,4605038.0,56140000.0,0.89
177,177.0,177.0,01/19/2021,ARKW,TRADE DESK INC/THE -CLASS A,TTD,89267.0,69680000.0,1.1
178,178.0,178.0,01/19/2021,ARKW,SHOPIFY INC - CLASS A,SHOP,101586.0,119260000.0,1.89
179,179.0,179.0,01/19/2021,ARKW,HUBSPOT INC,HUBS,156782.0,60910000.0,0.96
180,180.0,180.0,01/19/2021,ARKW,NVIDIA CORP,NVDA,167870.0,87460000.0,1.39
181,181.0,181.0,01/19/2021,ARKW,SYNOPSYS INC,SNPS,199287.0,53450000.0,0.85
182,182.0,182.0,01/19/2021,ARKW,OKTA INC,OKTA,200121.0,52200000.0,0.83
183,183.0,183.0,01/19/2021,ARKW,ATLASSIAN CORP PLC-CLASS A,TEAM,240076.0,54430000.0,0.86
184,184.0,184.0,01/19/2021,ARKW,CROWDSTRIKE HOLDINGS INC - A,CRWD,281278.0,62420000.0,0.99
185,185.0,185.0,01/19/2021,ARKW,TWILIO INC - A,TWLO,311770.0,119170000.0,1.89
186,186.0,186.0,01/19/2021,ARKW,ALIBABA GROUP HOLDING-SP ADR,BABA,311912.0,78490000.0,1.24
187,187.0,187.0,01/19/2021,ARKW,ZOOM VIDEO COMMUNICATIONS-A,ZM,333486.0,131350000.0,2.08
188,188.0,188.0,01/19/2021,ARKW,SPLUNK INC,SPLK,350100.0,60550000.0,0.96
189,189.0,189.0,01/19/2021,ARKW,BAIDU INC - SPON ADR,BIDU,410229.0,102730000.0,1.63
190,190.0,190.0,01/19/2021,ARKW,DOCUSIGN INC,DOCU,437861.0,112340000.0,1.78
191,191.0,191.0,01/19/2021,ARKW,APPLE INC,AAPL,462746.0,59150000.0,0.94
192,192.0,192.0,01/19/2021,ARKW,PELOTON INTERACTIVE INC-A,PTON,482863.0,72500000.0,1.15
193,193.0,193.0,01/19/2021,ARKW,TAIWAN SEMICONDUCTOR-SP ADR,TSM,513767.0,67460000.0,1.07
194,194.0,194.0,01/19/2021,ARKW,FACEBOOK INC-CLASS A,FB,526490.0,137470000.0,2.18
195,195.0,195.0,01/19/2021,ARKW,UNITY SOFTWARE INC,U,526901.0,76340000.0,1.21
196,196.0,196.0,01/19/2021,ARKW,PAYPAL HOLDINGS INC,PYPL,533862.0,132000000.0,2.09
197,197.0,197.0,01/19/2021,ARKW,SPOTIFY TECHNOLOGY SA,SPOT,578486.0,184970000.0,2.93
198,198.0,198.0,01/19/2021,ARKW,SEA LTD-ADR,SE,610717.0,141470000.0,2.24
199,199.0,199.0,01/19/2021,ARKW,JD.COM INC-ADR,JD,725847.0,66160000.0,1.05
200,200.0,200.0,01/19/2021,ARKW,CLOUDFLARE INC - CLASS A,NET,793416.0,64620000.00000001,1.02
201,201.0,201.0,01/19/2021,ARKW,ZILLOW GROUP INC - C,Z,856958.0,123380000.0,1.95
202,202.0,202.0,01/19/2021,ARKW,NINTENDO CO LTD-UNSPONS ADR,NTDOY,947252.0,75260000.0,1.19
203,203.0,203.0,01/19/2021,ARKW,TELADOC HEALTH INC,TDOC,1021487.0,237720000.0,3.77
204,204.0,204.0,01/19/2021,ARKW,INTERCONTINENTAL EXCHANGE IN,ICE,1087491.0,124930000.0,1.98
205,205.0,205.0,01/19/2021,ARKW,SQUARE INC - A,SQ,1128558.0,256480000.00000003,4.06
206,206.0,206.0,01/19/2021,ARKW,KE HOLDINGS INC,BEKE,1397261.0,88540000.0,1.4
207,207.0,207.0,01/19/2021,ARKW,AGORA INC-ADR,API,1718197.0,67130000.0,1.06
208,208.0,208.0,01/19/2021,ARKW,PINTEREST INC- CLASS A,PINS,1888370.0,134090000.0,2.12
209,209.0,209.0,01/19/2021,ARKW,PALANTIR TECHNOLOGIES INC-A,PLTR,1942462.0,51710000.0,0.82
210,210.0,210.0,01/19/2021,ARKW,TENCENT HOLDINGS LTD-UNS ADR,TCEHY,2521627.0,216610000.0,3.43
211,211.0,211.0,01/19/2021,ARKW,OPENDOOR TECHNOLOGIES INC,OPEN,3844487.0,108260000.0,1.71
212,212.0,212.0,01/19/2021,ARKW,NANO DIMENSION LTD - ADR,NNDM,3961852.0,43340000.0,0.69
213,213.0,213.0,01/19/2021,ARKW,GRAYSCALE BITCOIN TRUST BTC,GBTC,6709215.0,255320000.0,4.04
214,214.0,214.0,01/19/2021,ARKW,ADOBE INC,ADBE,145659.0,66489999.99999999,1.05
215,215.0,215.0,01/19/2021,ARKW,ADYEN NV-UNSPON ADR,ADYEY,1269856.0,55400000.0,0.88
216,216.0,216.0,01/19/2021,ARKW,NETFLIX INC,NFLX,299876.0,150470000.0,2.38
217,217.0,217.0,01/19/2021,ARKW,SALESFORCE.COM INC,CRM,331477.0,71850000.0,1.14
218,218.0,218.0,01/19/2021,ARKW,FASTLY INC - CLASS A,FSLY,1383619.0,131870000.0,2.09
219,219.0,219.0,01/19/2021,ARKW,SKILLZ INC,SKLZ,925785.0,24690000.0,0.39
220,220.0,220.0,01/20/2021,ARKW,TESLA INC,TSLA,722284.0,614270000.0,9.4
221,221.0,221.0,01/20/2021,ARKW,PURE STORAGE INC - CLASS A,PSTG,6536496.0,149490000.0,2.29
222,222.0,222.0,01/20/2021,ARKW,LENDINGTREE INC,TREE UW,354957.0,113240000.0,1.73
223,223.0,223.0,01/20/2021,ARKW,HUYA INC-ADR,HUYA,4710087.0,109370000.0,1.67
224,224.0,224.0,01/20/2021,ARKW,PAGERDUTY INC,PD,2226551.0,110060000.0,1.68
225,225.0,225.0,01/20/2021,ARKW,VERACYTE INC,VCYT,1645791.0,89150000.0,1.36
226,226.0,226.0,01/20/2021,ARKW,2U INC,TWOU,1882940.0,83830000.0,1.28
227,227.0,227.0,01/20/2021,ARKW,LENDINGCLUB CORP,LC,4605038.0,55540000.0,0.85
228,228.0,228.0,01/20/2021,ARKW,MERCADOLIBRE INC,MELI,39603.0,78590000.0,1.2
229,229.0,229.0,01/20/2021,ARKW,TRADE DESK INC/THE -CLASS A,TTD,90397.0,73310000.0,1.12
230,230.0,230.0,01/20/2021,ARKW,SHOPIFY INC - CLASS A,SHOP,102876.0,123550000.0,1.89
231,231.0,231.0,01/20/2021,ARKW,ADOBE INC,ADBE,147509.0,69290000.0,1.06
232,232.0,232.0,01/20/2021,ARKW,HUBSPOT INC,HUBS,158772.0,62820000.0,0.96
233,233.0,233.0,01/20/2021,ARKW,NVIDIA CORP,NVDA,170000.0,90890000.0,1.39
234,234.0,234.0,01/20/2021,ARKW,OKTA INC,OKTA,202661.0,53520000.0,0.82
235,235.0,235.0,01/20/2021,ARKW,ATLASSIAN CORP PLC-CLASS A,TEAM,243126.0,56310000.0,0.86
236,236.0,236.0,01/20/2021,ARKW,CROWDSTRIKE HOLDINGS INC - A,CRWD,284848.0,64470000.0,0.99
237,237.0,237.0,01/20/2021,ARKW,NETFLIX INC,NFLX,303686.0,178060000.0,2.73
238,238.0,238.0,01/20/2021,ARKW,TWILIO INC - A,TWLO,315730.0,124070000.0,1.9
239,239.0,239.0,01/20/2021,ARKW,ALIBABA GROUP HOLDING-SP ADR,BABA,315872.0,83860000.0,1.28
240,240.0,240.0,01/20/2021,ARKW,SALESFORCE.COM INC,CRM,335687.0,75010000.0,1.15
241,241.0,241.0,01/20/2021,ARKW,ZOOM VIDEO COMMUNICATIONS-A,ZM,337716.0,129280000.0,1.98
242,242.0,242.0,01/20/2021,ARKW,SPLUNK INC,SPLK,354540.0,61210000.0,0.94
243,243.0,243.0,01/20/2021,ARKW,BAIDU INC - SPON ADR,BIDU,415439.0,108390000.0,1.66
244,244.0,244.0,01/20/2021,ARKW,DOCUSIGN INC,DOCU,443421.0,113210000.0,1.73
245,245.0,245.0,01/20/2021,ARKW,APPLE INC,AAPL,468616.0,61870000.0,0.95
246,246.0,246.0,01/20/2021,ARKW,PELOTON INTERACTIVE INC-A,PTON,488993.0,76180000.0,1.17
247,247.0,247.0,01/20/2021,ARKW,TAIWAN SEMICONDUCTOR-SP ADR,TSM,520287.0,67970000.0,1.04
248,248.0,248.0,01/20/2021,ARKW,FACEBOOK INC-CLASS A,FB,533170.0,142610000.0,2.18
249,249.0,249.0,01/20/2021,ARKW,UNITY SOFTWARE INC,U,533591.0,78570000.0,1.2
250,250.0,250.0,01/20/2021,ARKW,PAYPAL HOLDINGS INC,PYPL,540642.0,132060000.0,2.02
251,251.0,251.0,01/20/2021,ARKW,SPOTIFY TECHNOLOGY SA,SPOT,585826.0,194150000.0,2.97
252,252.0,252.0,01/20/2021,ARKW,SEA LTD-ADR,SE,618467.0,144200000.0,2.21
253,253.0,253.0,01/20/2021,ARKW,JD.COM INC-ADR,JD,735057.0,70060000.0,1.07
254,254.0,254.0,01/20/2021,ARKW,ROKU INC,ROKU,799040.0,342390000.0,5.24
255,255.0,255.0,01/20/2021,ARKW,CLOUDFLARE INC - CLASS A,NET,803486.0,67099999.99999999,1.03
256,256.0,256.0,01/20/2021,ARKW,ZILLOW GROUP INC - C,Z,867838.0,128910000.0,1.97
257,257.0,257.0,01/20/2021,ARKW,SKILLZ INC,SKLZ,937535.0,26900000.0,0.41
258,258.0,258.0,01/20/2021,ARKW,NINTENDO CO LTD-UNSPONS ADR,NTDOY,959272.0,75690000.0,1.16
259,259.0,259.0,01/20/2021,ARKW,TELADOC HEALTH INC,TDOC,1034447.0,255240000.0,3.91
260,260.0,260.0,01/20/2021,ARKW,INTERCONTINENTAL EXCHANGE IN,ICE,1101291.0,126310000.0,1.93
261,261.0,261.0,01/20/2021,ARKW,SQUARE INC - A,SQ,1142878.0,259030000.0,3.97
262,262.0,262.0,01/20/2021,ARKW,FASTLY INC - CLASS A,FSLY,1401179.0,136690000.0,2.09
263,263.0,263.0,01/20/2021,ARKW,KE HOLDINGS INC,BEKE,1414991.0,103030000.0,1.58
264,264.0,264.0,01/20/2021,ARKW,AGORA INC-ADR,API,1740007.0,80420000.0,1.23
265,265.0,265.0,01/20/2021,ARKW,PINTEREST INC- CLASS A,PINS,1912340.0,138910000.0,2.13
266,266.0,266.0,01/20/2021,ARKW,PALANTIR TECHNOLOGIES INC-A,PLTR,1967112.0,51810000.0,0.79
267,267.0,267.0,01/20/2021,ARKW,SNAP INC - A,SNAP,2359211.0,123150000.0,1.89
268,268.0,268.0,01/20/2021,ARKW,TENCENT HOLDINGS LTD-UNS ADR,TCEHY,2553627.0,224900000.0,3.44
269,269.0,269.0,01/20/2021,ARKW,OPENDOOR TECHNOLOGIES INC,OPEN,3893287.0,116800000.0,1.79
270,270.0,270.0,01/20/2021,ARKW,SYNOPSYS INC,SNPS,248473.0,67940000.0,1.04
271,271.0,271.0,01/20/2021,ARKW,NANO DIMENSION LTD - ADR,NNDM,4012132.0,46220000.0,0.71
272,272.0,272.0,01/20/2021,ARKW,ADYEN NV-UNSPON ADR,ADYEY,1328276.0,60900000.0,0.93
273,273.0,273.0,01/20/2021,ARKW,GRAYSCALE BITCOIN TRUST BTC,GBTC,6794365.0,240180000.0,3.68
274,274.0,274.0,01/20/2021,ARKW,MORGAN STANLEY GOVT INSTL 8035,,21148777.15,21150000.0,0.32
275,275.0,275.0,01/21/2021,ARKW,MORGAN STANLEY GOVT INSTL 8035,,19245821.85,19250000.0,0.29
276,276.0,276.0,01/21/2021,ARKW,PURE STORAGE INC - CLASS A,PSTG,6536496.0,151710000.0,2.32
277,277.0,277.0,01/21/2021,ARKW,LENDINGTREE INC,TREE UW,354957.0,111530000.0,1.71
278,278.0,278.0,01/21/2021,ARKW,PAGERDUTY INC,PD,2226551.0,107700000.0,1.65
279,279.0,279.0,01/21/2021,ARKW,HUYA INC-ADR,HUYA,4710087.0,111680000.0,1.71
280,280.0,280.0,01/21/2021,ARKW,VERACYTE INC,VCYT,1645791.0,88820000.0,1.36
281,281.0,281.0,01/21/2021,ARKW,2U INC,TWOU,1882940.0,84000000.0,1.29
282,282.0,282.0,01/21/2021,ARKW,LENDINGCLUB CORP,LC,4605038.0,53230000.0,0.81
283,283.0,283.0,01/21/2021,ARKW,MERCADOLIBRE INC,MELI,39753.0,77130000.0,1.18
284,284.0,284.0,01/21/2021,ARKW,TRADE DESK INC/THE -CLASS A,TTD,90736.0,73770000.0,1.13
285,285.0,285.0,01/21/2021,ARKW,SHOPIFY INC - CLASS A,SHOP,103263.0,123720000.0,1.89
286,286.0,286.0,01/21/2021,ARKW,ADOBE INC,ADBE,148064.0,69890000.0,1.07
287,287.0,287.0,01/21/2021,ARKW,HUBSPOT INC,HUBS,159369.0,61960000.0,0.95
288,288.0,288.0,01/21/2021,ARKW,NVIDIA CORP,NVDA,170639.0,94650000.0,1.45
289,289.0,289.0,01/21/2021,ARKW,OKTA INC,OKTA,203423.0,53350000.0,0.82
290,290.0,290.0,01/21/2021,ARKW,ATLASSIAN CORP PLC-CLASS A,TEAM,244041.0,57150000.0,0.87
291,291.0,291.0,01/21/2021,ARKW,SYNOPSYS INC,SNPS,249406.0,68060000.0,1.04
292,292.0,292.0,01/21/2021,ARKW,CROWDSTRIKE HOLDINGS INC - A,CRWD,285919.0,63190000.0,0.97
293,293.0,293.0,01/21/2021,ARKW,NETFLIX INC,NFLX,304829.0,176750000.0,2.7
294,294.0,294.0,01/21/2021,ARKW,TWILIO INC - A,TWLO,316918.0,123280000.0,1.89
295,295.0,295.0,01/21/2021,ARKW,ALIBABA GROUP HOLDING-SP ADR,BABA,317060.0,82440000.0,1.26
296,296.0,296.0,01/21/2021,ARKW,SALESFORCE.COM INC,CRM,336950.0,74860000.0,1.15
297,297.0,297.0,01/21/2021,ARKW,ZOOM VIDEO COMMUNICATIONS-A,ZM,338985.0,129770000.0,1.99
298,298.0,298.0,01/21/2021,ARKW,SPLUNK INC,SPLK,355872.0,61150000.0,0.94
299,299.0,299.0,01/21/2021,ARKW,BAIDU INC - SPON ADR,BIDU,417002.0,105050000.0,1.61
300,300.0,300.0,01/21/2021,ARKW,DOCUSIGN INC,DOCU,445089.0,113030000.0,1.73
301,301.0,301.0,01/21/2021,ARKW,APPLE INC,AAPL,470377.0,64379999.99999999,0.98
302,302.0,302.0,01/21/2021,ARKW,PELOTON INTERACTIVE INC-A,PTON,490832.0,77620000.0,1.19
303,303.0,303.0,01/21/2021,ARKW,TAIWAN SEMICONDUCTOR-SP ADR,TSM,522243.0,70060000.0,1.07
304,304.0,304.0,01/21/2021,ARKW,FACEBOOK INC-CLASS A,FB,535174.0,146030000.0,2.23
305,305.0,305.0,01/21/2021,ARKW,UNITY SOFTWARE INC,U,535598.0,78710000.0,1.2
306,306.0,306.0,01/21/2021,ARKW,PAYPAL HOLDINGS INC,PYPL,542673.0,134930000.0,2.06
307,307.0,307.0,01/21/2021,ARKW,SPOTIFY TECHNOLOGY SA,SPOT,588028.0,204810000.0,3.13
308,308.0,308.0,01/21/2021,ARKW,SEA LTD-ADR,SE,620792.0,145240000.0,2.22
309,309.0,309.0,01/21/2021,ARKW,TESLA INC,TSLA,724999.0,612620000.0,9.37
310,310.0,310.0,01/21/2021,ARKW,JD.COM INC-ADR,JD,737820.0,70170000.0,1.07
311,311.0,311.0,01/21/2021,ARKW,ROKU INC,ROKU,802043.0,339780000.0,5.2
312,312.0,312.0,01/21/2021,ARKW,CLOUDFLARE INC - CLASS A,NET,806507.0,66959999.99999999,1.02
313,313.0,313.0,01/21/2021,ARKW,ZILLOW GROUP INC - C,Z,871099.0,127110000.0,1.94
314,314.0,314.0,01/21/2021,ARKW,SKILLZ INC,SKLZ,941060.0,27480000.0,0.42
315,315.0,315.0,01/21/2021,ARKW,NINTENDO CO LTD-UNSPONS ADR,NTDOY,962878.0,73360000.0,1.12
316,316.0,316.0,01/21/2021,ARKW,TELADOC HEALTH INC,TDOC,1038335.0,254910000.0,3.9
317,317.0,317.0,01/21/2021,ARKW,INTERCONTINENTAL EXCHANGE IN,ICE,1105431.0,124830000.0,1.91
318,318.0,318.0,01/21/2021,ARKW,SQUARE INC - A,SQ,1147174.0,251940000.0,3.85
319,319.0,319.0,01/21/2021,ARKW,FASTLY INC - CLASS A,FSLY,1406447.0,146450000.0,2.24
320,320.0,320.0,01/21/2021,ARKW,KE HOLDINGS INC,BEKE,1420310.0,104250000.0,1.59
321,321.0,321.0,01/21/2021,ARKW,AGORA INC-ADR,API,1746547.0,80150000.0,1.23
322,322.0,322.0,01/21/2021,ARKW,PINTEREST INC- CLASS A,PINS,1919528.0,141120000.0,2.16
323,323.0,323.0,01/21/2021,ARKW,PALANTIR TECHNOLOGIES INC-A,PLTR,1974507.0,51300000.0,0.78
324,324.0,324.0,01/21/2021,ARKW,SNAP INC - A,SNAP,2368079.0,128820000.0,1.97
325,325.0,325.0,01/21/2021,ARKW,TENCENT HOLDINGS LTD-UNS ADR,TCEHY,2563227.0,226690000.0,3.47
326,326.0,326.0,01/21/2021,ARKW,OPENDOOR TECHNOLOGIES INC,OPEN,3907924.0,116220000.0,1.78
327,327.0,327.0,01/21/2021,ARKW,NANO DIMENSION LTD - ADR,NNDM,4027219.0,50740000.0,0.78
328,328.0,328.0,01/21/2021,ARKW,GRAYSCALE BITCOIN TRUST BTC,GBTC,6819907.0,217790000.0,3.33
329,329.0,329.0,01/21/2021,ARKW,ADYEN NV-UNSPON ADR,ADYEY,1388271.0,65170000.0,1.0
330,330.0,330.0,01/22/2021,ARKW,SPLUNK INC,SPLK,193556.0,33080000.0,0.49
331,331.0,331.0,01/22/2021,ARKW,ROKU INC,ROKU,788853.0,333570000.0,4.98
332,332.0,332.0,01/22/2021,ARKW,PURE STORAGE INC - CLASS A,PSTG,6536496.0,150210000.0,2.24
333,333.0,333.0,01/22/2021,ARKW,LENDINGTREE INC,TREE UW,354957.0,112890000.0,1.69
334,334.0,334.0,01/22/2021,ARKW,HUYA INC-ADR,HUYA,4710087.0,113180000.0,1.69
335,335.0,335.0,01/22/2021,ARKW,PAGERDUTY INC,PD,2226551.0,108810000.0,1.63
336,336.0,336.0,01/22/2021,ARKW,VERACYTE INC,VCYT,1645791.0,90910000.0,1.36
337,337.0,337.0,01/22/2021,ARKW,2U INC,TWOU,1882940.0,82790000.0,1.24
338,338.0,338.0,01/22/2021,ARKW,LENDINGCLUB CORP,LC,4605038.0,53460000.0,0.8
339,339.0,339.0,01/22/2021,ARKW,MERCADOLIBRE INC,MELI,40253.0,79100000.0,1.18
340,340.0,340.0,01/22/2021,ARKW,TRADE DESK INC/THE -CLASS A,TTD,91866.0,74680000.0,1.12
341,341.0,341.0,01/22/2021,ARKW,SHOPIFY INC - CLASS A,SHOP,104553.0,125120000.0,1.87
342,342.0,342.0,01/22/2021,ARKW,ADOBE INC,ADBE,149914.0,70830000.0,1.06
343,343.0,343.0,01/22/2021,ARKW,HUBSPOT INC,HUBS,161359.0,63490000.0,0.95
344,344.0,344.0,01/22/2021,ARKW,NVIDIA CORP,NVDA,172769.0,94760000.0,1.42
345,345.0,345.0,01/22/2021,ARKW,OKTA INC,OKTA,205963.0,54370000.0,0.81
346,346.0,346.0,01/22/2021,ARKW,ATLASSIAN CORP PLC-CLASS A,TEAM,247091.0,58180000.0,0.87
347,347.0,347.0,01/22/2021,ARKW,SYNOPSYS INC,SNPS,252516.0,68210000.0,1.02
348,348.0,348.0,01/22/2021,ARKW,CROWDSTRIKE HOLDINGS INC - A,CRWD,289489.0,64709999.99999999,0.97
349,349.0,349.0,01/22/2021,ARKW,NETFLIX INC,NFLX,308639.0,174430000.0,2.61
350,350.0,350.0,01/22/2021,ARKW,TWILIO INC - A,TWLO,320878.0,125790000.0,1.88
351,351.0,351.0,01/22/2021,ARKW,ALIBABA GROUP HOLDING-SP ADR,BABA,321020.0,83020000.0,1.24
352,352.0,352.0,01/22/2021,ARKW,SALESFORCE.COM INC,CRM,341160.0,77020000.0,1.15
353,353.0,353.0,01/22/2021,ARKW,ZOOM VIDEO COMMUNICATIONS-A,ZM,343215.0,131590000.0,1.97
354,354.0,354.0,01/22/2021,ARKW,BAIDU INC - SPON ADR,BIDU,422212.0,106710000.0,1.59
355,355.0,355.0,01/22/2021,ARKW,DOCUSIGN INC,DOCU,450649.0,114980000.0,1.72
356,356.0,356.0,01/22/2021,ARKW,APPLE INC,AAPL,476247.0,66230000.00000001,0.99
357,357.0,357.0,01/22/2021,ARKW,PELOTON INTERACTIVE INC-A,PTON,496962.0,79390000.0,1.19
358,358.0,358.0,01/22/2021,ARKW,FACEBOOK INC-CLASS A,FB,541854.0,148740000.0,2.22
359,359.0,359.0,01/22/2021,ARKW,UNITY SOFTWARE INC,U,542288.0,83530000.0,1.25
360,360.0,360.0,01/22/2021,ARKW,PAYPAL HOLDINGS INC,PYPL,549443.0,138460000.0,2.07
361,361.0,361.0,01/22/2021,ARKW,SPOTIFY TECHNOLOGY SA,SPOT,595368.0,201810000.0,3.01
362,362.0,362.0,01/22/2021,ARKW,SEA LTD-ADR,SE,628542.0,148640000.0,2.22
363,363.0,363.0,01/22/2021,ARKW,TESLA INC,TSLA,734049.0,621480000.0,9.28
364,364.0,364.0,01/22/2021,ARKW,JD.COM INC-ADR,JD,747030.0,70900000.0,1.06
365,365.0,365.0,01/22/2021,ARKW,CLOUDFLARE INC - CLASS A,NET,816577.0,68160000.0,1.02
366,366.0,366.0,01/22/2021,ARKW,ZILLOW GROUP INC - C,Z,881969.0,128610000.0,1.92
367,367.0,367.0,01/22/2021,ARKW,SKILLZ INC,SKLZ,952810.0,26690000.0,0.4
368,368.0,368.0,01/22/2021,ARKW,NINTENDO CO LTD-UNSPONS ADR,NTDOY,974898.0,75540000.0,1.13
369,369.0,369.0,01/22/2021,ARKW,TELADOC HEALTH INC,TDOC,1051295.0,276490000.0,4.13
370,370.0,370.0,01/22/2021,ARKW,INTERCONTINENTAL EXCHANGE IN,ICE,1119231.0,125260000.0,1.87
371,371.0,371.0,01/22/2021,ARKW,SQUARE INC - A,SQ,1161494.0,258870000.0,3.87
372,372.0,372.0,01/22/2021,ARKW,FASTLY INC - CLASS A,FSLY,1424007.0,147070000.0,2.2
373,373.0,373.0,01/22/2021,ARKW,KE HOLDINGS INC,BEKE,1438040.0,102750000.0,1.53
374,374.0,374.0,01/22/2021,ARKW,AGORA INC-ADR,API,1768357.0,82020000.0,1.22
375,375.0,375.0,01/22/2021,ARKW,PINTEREST INC- CLASS A,PINS,1943488.0,142030000.0,2.12
376,376.0,376.0,01/22/2021,ARKW,PALANTIR TECHNOLOGIES INC-A,PLTR,1999167.0,65129999.99999999,0.97
377,377.0,377.0,01/22/2021,ARKW,SNAP INC - A,SNAP,2397639.0,128440000.0,1.92
378,378.0,378.0,01/22/2021,ARKW,TENCENT HOLDINGS LTD-UNS ADR,TCEHY,2595227.0,234480000.0,3.5
379,379.0,379.0,01/22/2021,ARKW,OPENDOOR TECHNOLOGIES INC,OPEN,3956714.0,115300000.0,1.72
380,380.0,380.0,01/22/2021,ARKW,NANO DIMENSION LTD - ADR,NNDM,4077509.0,58680000.0,0.88
381,381.0,381.0,01/22/2021,ARKW,ADYEN NV-UNSPON ADR,ADYEY,1465601.0,69030000.0,1.03
382,382.0,382.0,01/22/2021,ARKW,GRAYSCALE BITCOIN TRUST BTC,GBTC,6905057.0,237880000.0,3.55
383,383.0,383.0,01/22/2021,ARKW,TAIWAN SEMICONDUCTOR-SP ADR,TSM,679037.0,87690000.0,1.31
384,384.0,384.0,01/22/2021,ARKW,SILVERGATE CAPITAL CORP-CL A,SI,500000.0,38080000.0,0.57
385,385.0,385.0,01/22/2021,ARKW,MORGAN STANLEY GOVT INSTL 8035,,22613096.25,22610000.0,0.34
386,386.0,386.0,01/25/2021,ARKW,ROKU INC,ROKU,775985.0,331070000.0,4.88
387,387.0,387.0,01/25/2021,ARKW,PURE STORAGE INC - CLASS A,PSTG,6536496.0,151910000.0,2.24
388,388.0,388.0,01/25/2021,ARKW,LENDINGTREE INC,TREE UW,354957.0,116430000.0,1.72
389,389.0,389.0,01/25/2021,ARKW,HUYA INC-ADR,HUYA,4710087.0,117710000.0,1.73
390,390.0,390.0,01/25/2021,ARKW,PAGERDUTY INC,PD,2226551.0,106990000.0,1.58
391,391.0,391.0,01/25/2021,ARKW,VERACYTE INC,VCYT,1645791.0,91140000.0,1.34
392,392.0,392.0,01/25/2021,ARKW,2U INC,TWOU,1882940.0,81360000.0,1.2
393,393.0,393.0,01/25/2021,ARKW,LENDINGCLUB CORP,LC,4605038.0,52080000.0,0.77
394,394.0,394.0,01/25/2021,ARKW,MERCADOLIBRE INC,MELI,40547.0,76230000.0,1.12
395,395.0,395.0,01/25/2021,ARKW,TRADE DESK INC/THE -CLASS A,TTD,92544.0,72700000.0,1.07
396,396.0,396.0,01/25/2021,ARKW,SHOPIFY INC - CLASS A,SHOP,105327.0,127020000.0,1.87
397,397.0,397.0,01/25/2021,ARKW,ADOBE INC,ADBE,151024.0,71500000.0,1.05
398,398.0,398.0,01/25/2021,ARKW,HUBSPOT INC,HUBS,162553.0,62460000.0,0.92
399,399.0,399.0,01/25/2021,ARKW,NVIDIA CORP,NVDA,174047.0,95050000.0,1.4
400,400.0,400.0,01/25/2021,ARKW,OKTA INC,OKTA,207487.0,54660000.0,0.81
401,401.0,401.0,01/25/2021,ARKW,ATLASSIAN CORP PLC-CLASS A,TEAM,248921.0,57520000.0,0.85
402,402.0,402.0,01/25/2021,ARKW,SYNOPSYS INC,SNPS,254382.0,68590000.0,1.01
403,403.0,403.0,01/25/2021,ARKW,CROWDSTRIKE HOLDINGS INC - A,CRWD,291631.0,63430000.0,0.93
404,404.0,404.0,01/25/2021,ARKW,NETFLIX INC,NFLX,310919.0,173110000.0,2.55
405,405.0,405.0,01/25/2021,ARKW,ALIBABA GROUP HOLDING-SP ADR,BABA,323396.0,84530000.0,1.25
406,406.0,406.0,01/25/2021,ARKW,SALESFORCE.COM INC,CRM,343680.0,77640000.0,1.14
407,407.0,407.0,01/25/2021,ARKW,ZOOM VIDEO COMMUNICATIONS-A,ZM,345753.0,135480000.0,2.0
408,408.0,408.0,01/25/2021,ARKW,BAIDU INC - SPON ADR,BIDU,425332.0,108400000.0,1.6
409,409.0,409.0,01/25/2021,ARKW,DOCUSIGN INC,DOCU,453979.0,110950000.0,1.64
410,410.0,410.0,01/25/2021,ARKW,APPLE INC,AAPL,479769.0,68570000.0,1.01
411,411.0,411.0,01/25/2021,ARKW,PELOTON INTERACTIVE INC-A,PTON,500634.0,78670000.0,1.16
412,412.0,412.0,01/25/2021,ARKW,SILVERGATE CAPITAL CORP-CL A,SI,503696.0,43240000.0,0.64
413,413.0,413.0,01/25/2021,ARKW,FACEBOOK INC-CLASS A,FB,545862.0,151760000.0,2.24
414,414.0,414.0,01/25/2021,ARKW,UNITY SOFTWARE INC,U,546296.0,82780000.0,1.22
415,415.0,415.0,01/25/2021,ARKW,PAYPAL HOLDINGS INC,PYPL,553505.0,137130000.0,2.02
416,416.0,416.0,01/25/2021,ARKW,SPOTIFY TECHNOLOGY SA,SPOT,599772.0,200090000.0,2.95
417,417.0,417.0,01/25/2021,ARKW,SEA LTD-ADR,SE,633186.0,144800000.0,2.13
418,418.0,418.0,01/25/2021,ARKW,TAIWAN SEMICONDUCTOR-SP ADR,TSM,684059.0,89280000.0,1.32
419,419.0,419.0,01/25/2021,ARKW,TESLA INC,TSLA,739473.0,651330000.0,9.6
420,420.0,420.0,01/25/2021,ARKW,JD.COM INC-ADR,JD,752556.0,74040000.0,1.09
421,421.0,421.0,01/25/2021,ARKW,CLOUDFLARE INC - CLASS A,NET,822613.0,68100000.0,1.0
422,422.0,422.0,01/25/2021,ARKW,ZILLOW GROUP INC - C,Z,888491.0,130480000.0,1.92
423,423.0,423.0,01/25/2021,ARKW,SKILLZ INC,SKLZ,959854.0,27470000.0,0.4
424,424.0,424.0,01/25/2021,ARKW,NINTENDO CO LTD-UNSPONS ADR,NTDOY,982104.0,74640000.0,1.1
425,425.0,425.0,01/25/2021,ARKW,TELADOC HEALTH INC,TDOC,1059065.0,304050000.0,4.48
426,426.0,426.0,01/25/2021,ARKW,SQUARE INC - A,SQ,1170080.0,253490000.0,3.74
427,427.0,427.0,01/25/2021,ARKW,FASTLY INC - CLASS A,FSLY,1434531.0,150930000.0,2.22
428,428.0,428.0,01/25/2021,ARKW,KE HOLDINGS INC,BEKE,1448672.0,102570000.0,1.51
429,429.0,429.0,01/25/2021,ARKW,PINTEREST INC- CLASS A,PINS,1957852.0,143650000.0,2.12
430,430.0,430.0,01/25/2021,ARKW,PALANTIR TECHNOLOGIES INC-A,PLTR,2013945.0,72970000.0,1.08
431,431.0,431.0,01/25/2021,ARKW,SNAP INC - A,SNAP,2415363.0,129580000.0,1.91
432,432.0,432.0,01/25/2021,ARKW,TENCENT HOLDINGS LTD-UNS ADR,TCEHY,2614409.0,250980000.0,3.7
433,433.0,433.0,01/25/2021,ARKW,TWILIO INC - A,TWLO,348875.0,132570000.0,1.95
434,434.0,434.0,01/25/2021,ARKW,OPENDOOR TECHNOLOGIES INC,OPEN,3985964.0,108940000.0,1.61
435,435.0,435.0,01/25/2021,ARKW,NANO DIMENSION LTD - ADR,NNDM,4107653.0,68430000.0,1.01
436,436.0,436.0,01/25/2021,ARKW,GRAYSCALE BITCOIN TRUST BTC,GBTC,6956099.0,229900000.0,3.39
437,437.0,437.0,01/25/2021,ARKW,ADYEN NV-UNSPON ADR,ADYEY,1543161.0,71060000.0,1.05
438,438.0,438.0,01/25/2021,ARKW,INTERCONTINENTAL EXCHANGE IN,ICE,1217013.0,136870000.0,2.02
439,439.0,439.0,01/25/2021,ARKW,MORGAN STANLEY GOVT INSTL 8035,,22779829.32,22780000.0,0.34
440,440.0,440.0,01/25/2021,ARKW,AGORA INC-ADR,API,2006956.0,94890000.0,1.4
441,441.0,0.0,1/26/2021,ARKW,2U INC,TWOU,1882940.0,80608661.4,1.2
442,442.0,1.0,1/26/2021,ARKW,ADOBE INC,ADBE,151579.0,72194046.12,1.08
443,443.0,2.0,1/26/2021,ARKW,ADYEN NV-UNSPON ADR,ADYEY,1568628.0,70854926.76,1.06
444,444.0,3.0,1/26/2021,ARKW,AGORA INC-ADR,API,2490418.0,137246935.98,2.05
445,445.0,4.0,1/26/2021,ARKW,ALIBABA GROUP HOLDING-SP ADR,BABA,324584.0,86313377.28,1.29
446,446.0,5.0,1/26/2021,ARKW,APPLE INC,AAPL,481530.0,68935834.8,1.03
447,447.0,6.0,1/26/2021,ARKW,ATLASSIAN CORP PLC-CLASS A,TEAM,249836.0,55933283.68,0.84
448,448.0,7.0,1/26/2021,ARKW,BAIDU INC - SPON ADR,BIDU,426895.0,105998028.5,1.58
449,449.0,8.0,1/26/2021,ARKW,CLOUDFLARE INC - CLASS A,NET,825634.0,63598587.02,0.95
450,450.0,9.0,1/26/2021,ARKW,CROWDSTRIKE HOLDINGS INC - A,CRWD,292702.0,60530773.6,0.9
451,451.0,10.0,1/26/2021,ARKW,DOCUSIGN INC,DOCU,455647.0,107127166.17,1.6
452,452.0,11.0,1/26/2021,ARKW,FACEBOOK INC-CLASS A,FB,547866.0,154525605.3,2.31
453,453.0,12.0,1/26/2021,ARKW,FASTLY INC - CLASS A,FSLY,1439799.0,154044095.01,2.3
454,454.0,13.0,1/26/2021,ARKW,GRAYSCALE BITCOIN TRUST BTC,GBTC,6981647.0,219831119.09,3.28
455,455.0,14.0,1/26/2021,ARKW,HUBSPOT INC,HUBS,163150.0,60750534.0,0.91
456,456.0,15.0,1/26/2021,ARKW,HUYA INC-ADR,HUYA,4710087.0,126041928.12,1.88
457,457.0,16.0,1/26/2021,ARKW,INTERCONTINENTAL EXCHANGE IN,ICE,1221483.0,137600059.95,2.05
458,458.0,17.0,1/26/2021,ARKW,JD.COM INC-ADR,JD,755319.0,73243283.43,1.09
459,459.0,18.0,1/26/2021,ARKW,KE HOLDINGS INC,BEKE,1453991.0,92648306.52,1.38
460,460.0,19.0,1/26/2021,ARKW,LENDINGCLUB CORP,LC,4605038.0,52082979.78,0.78
461,461.0,20.0,1/26/2021,ARKW,LENDINGTREE INC,TREE UW,354957.0,119212308.45,1.78
462,462.0,21.0,1/26/2021,ARKW,MERCADOLIBRE INC,MELI,40697.0,73569594.78,1.1
463,463.0,22.0,1/26/2021,ARKW,MORGAN STANLEY GOVT INSTL 8035,,16406850.39,16406850.39,0.25
464,464.0,23.0,1/26/2021,ARKW,NANO DIMENSION LTD - ADR,NNDM,4122740.0,64273516.6,0.96
465,465.0,24.0,1/26/2021,ARKW,NETFLIX INC,NFLX,312062.0,175356999.66,2.62
466,466.0,25.0,1/26/2021,ARKW,NINTENDO CO LTD-UNSPONS ADR,NTDOY,985710.0,74223963.0,1.11
467,467.0,26.0,1/26/2021,ARKW,NVIDIA CORP,NVDA,174686.0,93878003.26,1.4
468,468.0,27.0,1/26/2021,ARKW,OKTA INC,OKTA,208249.0,53619952.52,0.8
469,469.0,28.0,1/26/2021,ARKW,OPENDOOR TECHNOLOGIES INC,OPEN,4000604.0,110816730.8,1.65
470,470.0,29.0,1/26/2021,ARKW,PAGERDUTY INC,PD,2226551.0,106629527.39,1.59
471,471.0,30.0,1/26/2021,ARKW,PALANTIR TECHNOLOGIES INC-A,PLTR,2021340.0,71494795.8,1.07
472,472.0,31.0,1/26/2021,ARKW,PAYPAL HOLDINGS INC,PYPL,555539.0,133884899.0,2.0
473,473.0,32.0,1/26/2021,ARKW,PELOTON INTERACTIVE INC-A,PTON,502473.0,74260484.67,1.11
474,474.0,33.0,1/26/2021,ARKW,PINTEREST INC- CLASS A,PINS,1564459.0,108323141.16,1.62
475,475.0,34.0,1/26/2021,ARKW,PURE STORAGE INC - CLASS A,PSTG,6536496.0,147136524.96,2.2
476,476.0,35.0,1/26/2021,ARKW,ROKU INC,ROKU,718569.0,289870734.6,4.33
477,477.0,36.0,1/26/2021,ARKW,SALESFORCE.COM INC,CRM,344943.0,78046803.18,1.17
478,478.0,37.0,1/26/2021,ARKW,SEA LTD-ADR,SE,635511.0,138045699.42,2.06
479,479.0,38.0,1/26/2021,ARKW,SHOPIFY INC - CLASS A,SHOP,105714.0,122603925.78,1.83
480,480.0,39.0,1/26/2021,ARKW,SILVERGATE CAPITAL CORP-CL A,SI,505547.0,45160513.51,0.67
481,481.0,40.0,1/26/2021,ARKW,SKILLZ INC,SKLZ,963382.0,28641346.86,0.43
482,482.0,41.0,1/26/2021,ARKW,SNAP INC - A,SNAP,1800834.0,95966443.86,1.43
483,483.0,42.0,1/26/2021,ARKW,SPOTIFY TECHNOLOGY SA,SPOT,601974.0,202871257.74,3.03
484,484.0,43.0,1/26/2021,ARKW,SQUARE INC - A,SQ,1174376.0,245644227.92,3.67
485,485.0,44.0,1/26/2021,ARKW,SYNOPSYS INC,SNPS,255315.0,67936768.35,1.01
486,486.0,45.0,1/26/2021,ARKW,TAIWAN SEMICONDUCTOR-SP ADR,TSM,686570.0,86954090.5,1.3
487,487.0,46.0,1/26/2021,ARKW,TELADOC HEALTH INC,TDOC,1062953.0,304249037.19,4.54
488,488.0,47.0,1/26/2021,ARKW,TENCENT HOLDINGS LTD-UNS ADR,TCEHY,2624012.0,242353748.32,3.62
489,489.0,48.0,1/26/2021,ARKW,TESLA INC,TSLA,742188.0,655418800.92,9.79
490,490.0,49.0,1/26/2021,ARKW,TRADE DESK INC/THE -CLASS A,TTD,92883.0,72104144.07,1.08
491,491.0,50.0,1/26/2021,ARKW,TWILIO INC - A,TWLO,350156.0,124357903.4,1.86
492,492.0,51.0,1/26/2021,ARKW,TWITTER INC,TWTR,1412246.0,70146258.82,1.05
493,493.0,52.0,1/26/2021,ARKW,UNITY SOFTWARE INC,U,548303.0,81943883.35,1.22
494,494.0,53.0,1/26/2021,ARKW,VERACYTE INC,VCYT,1645791.0,86519232.87,1.29
495,495.0,54.0,1/26/2021,ARKW,ZILLOW GROUP INC - C,Z,891755.0,124194718.85,1.85
496,496.0,55.0,1/26/2021,ARKW,ZOOM VIDEO COMMUNICATIONS-A,ZM,347022.0,129921566.58,1.94
497,0.0,,1/27/2021,ARKW,2U INC,TWOU,1882940.0,75863652.6,1.17
498,1.0,,1/27/2021,ARKW,ADOBE INC,ADBE,151579.0,69726340.0,1.07
499,2.0,,1/27/2021,ARKW,ADYEN NV-UNSPON ADR,ADYEY,1568628.0,67215709.8,1.03
500,3.0,,1/27/2021,ARKW,AGORA INC-ADR,API,2490418.0,135030463.96,2.08
501,4.0,,1/27/2021,ARKW,ALIBABA GROUP HOLDING-SP ADR,BABA,324584.0,84472986.0,1.3
502,5.0,,1/27/2021,ARKW,APPLE INC,AAPL,481530.0,68406151.8,1.05
503,6.0,,1/27/2021,ARKW,ATLASSIAN CORP PLC-CLASS A,TEAM,249836.0,54289362.8,0.83
504,7.0,,1/27/2021,ARKW,BAIDU INC - SPON ADR,BIDU,426895.0,101250956.1,1.56
505,8.0,,1/27/2021,ARKW,CLOUDFLARE INC - CLASS A,NET,825634.0,61567527.38,0.95
506,9.0,,1/27/2021,ARKW,CROWDSTRIKE HOLDINGS INC - A,CRWD,292702.0,58812612.86,0.9
507,10.0,,1/27/2021,ARKW,DOCUSIGN INC,DOCU,455647.0,102607147.93,1.58
508,11.0,,1/27/2021,ARKW,FACEBOOK INC-CLASS A,FB,547866.0,149096253.24,2.29
509,12.0,,1/27/2021,ARKW,FASTLY INC - CLASS A,FSLY,1439799.0,156909295.02,2.41
510,13.0,,1/27/2021,ARKW,GRAYSCALE BITCOIN TRUST BTC,GBTC,6981647.0,218951431.57,3.37
511,14.0,,1/27/2021,ARKW,HUBSPOT INC,HUBS,163150.0,57100868.5,0.88
512,15.0,,1/27/2021,ARKW,HUYA INC-ADR,HUYA,4710087.0,121708648.08,1.87
513,16.0,,1/27/2021,ARKW,INTERCONTINENTAL EXCHANGE IN,ICE,1221483.0,133569166.05,2.05
514,17.0,,1/27/2021,ARKW,JD.COM INC-ADR,JD,755319.0,68046688.71,1.05
515,18.0,,1/27/2021,ARKW,KE HOLDINGS INC,BEKE,1453991.0,89914803.44,1.38
516,19.0,,1/27/2021,ARKW,LENDINGCLUB CORP,LC,4605038.0,50839619.52,0.78
517,20.0,,1/27/2021,ARKW,LENDINGTREE INC,TREE UW,354957.0,117717939.48,1.81
518,21.0,,1/27/2021,ARKW,MERCADOLIBRE INC,MELI,40697.0,69945933.9,1.08
519,22.0,,1/27/2021,ARKW,MORGAN STANLEY GOVT INSTL 8035,,28545008.89,28545008.89,0.44
520,23.0,,1/27/2021,ARKW,NANO DIMENSION LTD - ADR,NNDM,4122740.0,59862184.8,0.92
521,24.0,,1/27/2021,ARKW,NETFLIX INC,NFLX,312062.0,163295803.36,2.51
522,25.0,,1/27/2021,ARKW,NINTENDO CO LTD-UNSPONS ADR,NTDOY,985710.0,73218538.8,1.13
523,26.0,,1/27/2021,ARKW,NVIDIA CORP,NVDA,174686.0,90262003.06,1.39
524,27.0,,1/27/2021,ARKW,OKTA INC,OKTA,208249.0,52339221.17,0.8
525,28.0,,1/27/2021,ARKW,OPENDOOR TECHNOLOGIES INC,OPEN,4000604.0,100735208.72,1.55
526,29.0,,1/27/2021,ARKW,PAGERDUTY INC,PD,2226551.0,107609209.83,1.65
527,30.0,,1/27/2021,ARKW,PALANTIR TECHNOLOGIES INC-A,PLTR,2021340.0,78832260.0,1.21
528,31.0,,1/27/2021,ARKW,PAYPAL HOLDINGS INC,PYPL,555539.0,127740637.66,1.96
529,32.0,,1/27/2021,ARKW,PELOTON INTERACTIVE INC-A,PTON,502473.0,72838486.08,1.12
530,33.0,,1/27/2021,ARKW,PINTEREST INC- CLASS A,PINS,1564459.0,101173563.53,1.56
531,34.0,,1/27/2021,ARKW,PURE STORAGE INC - CLASS A,PSTG,6536496.0,149032108.8,2.29
532,35.0,,1/27/2021,ARKW,ROKU INC,ROKU,718569.0,289051565.94,4.44
533,36.0,,1/27/2021,ARKW,SALESFORCE.COM INC,CRM,344943.0,77536287.54,1.19
534,37.0,,1/27/2021,ARKW,SEA LTD-ADR,SE,635511.0,130775453.58,2.01
535,38.0,,1/27/2021,ARKW,SHOPIFY INC - CLASS A,SHOP,105714.0,115448145.12,1.77
536,39.0,,1/27/2021,ARKW,SILVERGATE CAPITAL CORP-CL A,SI,505547.0,41085804.69,0.63
537,40.0,,1/27/2021,ARKW,SKILLZ INC,SKLZ,963382.0,26281060.96,0.4
538,41.0,,1/27/2021,ARKW,SNAP INC - A,SNAP,1800834.0,88150824.3,1.35
539,42.0,,1/27/2021,ARKW,SPOTIFY TECHNOLOGY SA,SPOT,601974.0,198765795.06,3.06
540,43.0,,1/27/2021,ARKW,SQUARE INC - A,SQ,1174376.0,237764164.96,3.65
541,44.0,,1/27/2021,ARKW,SYNOPSYS INC,SNPS,255315.0,64985326.95,1.0
542,45.0,,1/27/2021,ARKW,TAIWAN SEMICONDUCTOR-SP ADR,TSM,686570.0,83583031.8,1.28
543,46.0,,1/27/2021,ARKW,TELADOC HEALTH INC,TDOC,1062953.0,291185344.82,4.48
544,47.0,,1/27/2021,ARKW,TENCENT HOLDINGS LTD-UNS ADR,TCEHY,2624012.0,231464098.52,3.56
545,48.0,,1/27/2021,ARKW,TESLA INC,TSLA,742188.0,641369182.08,9.86
546,49.0,,1/27/2021,ARKW,TRADE DESK INC/THE -CLASS A,TTD,92883.0,70247412.9,1.08
547,50.0,,1/27/2021,ARKW,TWILIO INC - A,TWLO,350156.0,118272192.12,1.82
548,51.0,,1/27/2021,ARKW,TWITTER INC,TWTR,1412246.0,68056134.74,1.05
549,52.0,,1/27/2021,ARKW,UNITY SOFTWARE INC,U,548303.0,85458505.58,1.31
550,53.0,,1/27/2021,ARKW,VERACYTE INC,VCYT,1645791.0,85186142.16,1.31
551,54.0,,1/27/2021,ARKW,ZILLOW GROUP INC - C,Z,891755.0,113672009.85,1.75
552,55.0,,1/27/2021,ARKW,ZOOM VIDEO COMMUNICATIONS-A,ZM,347022.0,128654936.28,1.98
0,,,1/28/2021,ARKW,2U INC,TWOU,1882940.0,77257028.2,1.16
1,,,1/28/2021,ARKW,ADOBE INC,ADBE,151949.0,70758090.83,1.07
2,,,1/28/2021,ARKW,ADYEN NV-UNSPON ADR,ADYEY,1572454.0,67332480.28,1.01
3,,,1/28/2021,ARKW,AGORA INC-ADR,API,2496492.0,137394437.22,2.07
4,,,1/28/2021,ARKW,ALIBABA GROUP HOLDING-SP ADR,BABA,325376.0,84845045.76,1.28
5,,,1/28/2021,ARKW,APPLE INC,AAPL,482704.0,66173891.36,1.0
6,,,1/28/2021,ARKW,ATLASSIAN CORP PLC-CLASS A,TEAM,250446.0,56856250.92,0.86
7,,,1/28/2021,ARKW,BAIDU INC - SPON ADR,BIDU,427937.0,104788933.19,1.58
8,,,1/28/2021,ARKW,CLOUDFLARE INC - CLASS A,NET,827648.0,65218662.4,0.98
9,,,1/28/2021,ARKW,CROWDSTRIKE HOLDINGS INC - A,CRWD,293416.0,62347965.84,0.94
10,,,1/28/2021,ARKW,DOCUSIGN INC,DOCU,456759.0,106945552.26,1.61
11,,,1/28/2021,ARKW,FACEBOOK INC-CLASS A,FB,549202.0,145538530.0,2.19
12,,,1/28/2021,ARKW,FASTLY INC - CLASS A,FSLY,1443311.0,158100286.94,2.38
13,,,1/28/2021,ARKW,GRAYSCALE BITCOIN TRUST BTC,GBTC,6998677.0,235470487.67,3.55
14,,,1/28/2021,ARKW,HUBSPOT INC,HUBS,163548.0,60895462.32,0.92
15,,,1/28/2021,ARKW,HUYA INC-ADR,HUYA,4710087.0,121190538.51,1.83
16,,,1/28/2021,ARKW,INTERCONTINENTAL EXCHANGE IN,ICE,1224463.0,137886778.43,2.08
17,,,1/28/2021,ARKW,JD.COM INC-ADR,JD,757161.0,69212087.01,1.04
18,,,1/28/2021,ARKW,KE HOLDINGS INC,BEKE,1457537.0,86592273.17,1.3
19,,,1/28/2021,ARKW,LENDINGCLUB CORP,LC,4605038.0,52497433.2,0.79
20,,,1/28/2021,ARKW,LENDINGTREE INC,TREE UW,354957.0,116017695.45,1.75
21,,,1/28/2021,ARKW,MERCADOLIBRE INC,MELI,40797.0,75259449.81,1.13
22,,,1/28/2021,ARKW,MORGAN STANLEY GOVT INSTL 8035,,23018529.11,23018529.11,0.35
23,,,1/28/2021,ARKW,NANO DIMENSION LTD - ADR,NNDM,4132798.0,59305651.3,0.89
24,,,1/28/2021,ARKW,NETFLIX INC,NFLX,312824.0,168487006.4,2.54
25,,,1/28/2021,ARKW,NINTENDO CO LTD-UNSPONS ADR,NTDOY,988114.0,73989976.32,1.11
26,,,1/28/2021,ARKW,NVIDIA CORP,NVDA,175112.0,91415468.48,1.38
27,,,1/28/2021,ARKW,OKTA INC,OKTA,208757.0,53959509.36,0.81
28,,,1/28/2021,ARKW,OPENDOOR TECHNOLOGIES INC,OPEN,4010362.0,100339257.24,1.51
29,,,1/28/2021,ARKW,PAGERDUTY INC,PD,2226551.0,108499830.23,1.63
30,,,1/28/2021,ARKW,PALANTIR TECHNOLOGIES INC-A,PLTR,2026270.0,72256788.2,1.09
31,,,1/28/2021,ARKW,PAYPAL HOLDINGS INC,PYPL,556893.0,132423586.47,1.99
32,,,1/28/2021,ARKW,PELOTON INTERACTIVE INC-A,PTON,503699.0,73454425.17,1.11
33,,,1/28/2021,ARKW,PINTEREST INC- CLASS A,PINS,1568275.0,107442520.25,1.62
34,,,1/28/2021,ARKW,PURE STORAGE INC - CLASS A,PSTG,6536496.0,154784225.28,2.33
35,,,1/28/2021,ARKW,ROKU INC,ROKU,720321.0,291016887.21,4.38
36,,,1/28/2021,ARKW,SALESFORCE.COM INC,CRM,345785.0,78320302.5,1.18
37,,,1/28/2021,ARKW,SEA LTD-ADR,SE,637061.0,140013266.58,2.11
38,,,1/28/2021,ARKW,SHOPIFY INC - CLASS A,SHOP,105972.0,118749044.04,1.79
39,,,1/28/2021,ARKW,SILVERGATE CAPITAL CORP-CL A,SI,506781.0,42959825.37,0.65
40,,,1/28/2021,ARKW,SKILLZ INC,SKLZ,1233932.0,32847269.84,0.49
41,,,1/28/2021,ARKW,SNAP INC - A,SNAP,1805226.0,95911657.38,1.44
42,,,1/28/2021,ARKW,SPOTIFY TECHNOLOGY SA,SPOT,603442.0,196384164.48,2.96
43,,,1/28/2021,ARKW,SQUARE INC - A,SQ,1177240.0,258886848.4,3.9
44,,,1/28/2021,ARKW,SYNOPSYS INC,SNPS,255937.0,66328632.92,1.0
45,,,1/28/2021,ARKW,TAIWAN SEMICONDUCTOR-SP ADR,TSM,688244.0,86601742.52,1.3
46,,,1/28/2021,ARKW,TELADOC HEALTH INC,TDOC,1065545.0,280067847.8,4.22
47,,,1/28/2021,ARKW,TENCENT HOLDINGS LTD-UNS ADR,TCEHY,2630412.0,236237301.72,3.56
48,,,1/28/2021,ARKW,TESLA INC,TSLA,759298.0,634340328.14,9.55
49,,,1/28/2021,ARKW,TRADE DESK INC/THE -CLASS A,TTD,93109.0,73976962.68,1.11
50,,,1/28/2021,ARKW,TWILIO INC - A,TWLO,351010.0,126683019.1,1.91
51,,,1/28/2021,ARKW,TWITTER INC,TWTR,1415690.0,73007133.3,1.1
52,,,1/28/2021,ARKW,UNITY SOFTWARE INC,U,549641.0,84743649.38,1.28
53,,,1/28/2021,ARKW,VERACYTE INC,VCYT,1645791.0,93596134.17,1.41
54,,,1/28/2021,ARKW,ZILLOW GROUP INC - C,Z,893929.0,118311503.15,1.78
55,,,1/28/2021,ARKW,ZOOM VIDEO COMMUNICATIONS-A,ZM,347868.0,131699346.12,1.98
