date,fund,open,high,low,close,volume,dividends,stock_splits
2021-01-26,ARKK,147.25,147.34,141.72,141.83,8106400,0,0
2021-01-26,ARKQ,93.36,93.45,91.7,92.16,1314800,0,0
2021-01-26,ARKW,166.68,166.73,163.08,163.4,1047200,0,0
2021-01-26,ARKG,110.9,112.0,104.97,105.25,6178200,0,0
2021-01-26,ARKF,55.05,55.07,53.92,53.99,2278700,0,0
2021-01-27,ARKK,139.06,142.5,135.17,138.35,10003900,0,0
2021-01-27,ARKQ,90.29,92.54,88.72,89.7,1758800,0,0
2021-01-27,ARKW,159.7,163.0,157.02,158.57,1697900,0,0
2021-01-27,ARKG,102.49,103.97,98.38,100.71,10447400,0,0
2021-01-27,ARKF,52.75,52.88,51.23,51.48,3126000,0,0
2021-01-28,ARKK,138.57,141.84,138.14,140.37,5865400,0,0
2021-01-28,ARKQ,90.0,90.4,88.76,89.52,1369200,0,0
2021-01-28,ARKW,158.77,162.67,158.09,160.98,1375400,0,0
2021-01-28,ARKG,100.98,104.85,100.98,103.27,6477400,0,0
2021-01-28,ARKF,51.94,53.13,51.62,52.76,1961000,0,0
2021-01-29,ARKK,139.86,141.18,135.05,137.44,7195500,0,0
2021-01-29,ARKQ,89.1,90.01,86.58,87.25,1454500,0,0
2021-01-29,ARKW,160.56,162.33,156.72,158.81,2266800,0,0
2021-01-29,ARKG,102.6,104.4,100.12,101.93,6060700,0,0
2021-01-29,ARKF,52.66,52.93,51.55,52.13,1694200,0,0
2021-02-01,ARKK,139.98,142.8,138.41,142.62,7828500,0,0
2021-02-01,ARKQ,89.52,91.58,88.2,91.12,2006300,0,0
2021-02-01,ARKW,161.26,164.74,160.38,164.51,1935500,0,0
2021-02-01,ARKG,104.1,104.9,102.15,104.73,4522300,0,0
2021-02-01,ARKF,53.14,54.19,52.73,54.14,2448300,0,0
2021-02-02,ARKK,145.3,147.95,144.93,146.89,7960800,0,0
2021-02-02,ARKQ,93.54,93.61,92.21,93.08,1983100,0,0
2021-02-02,ARKW,167.38,169.79,166.75,169.55,2295600,0,0
2021-02-02,ARKG,107.06,108.99,106.67,107.98,5500700,0,0
2021-02-02,ARKF,55.06,55.9,54.97,55.87,2749900,0,0
2021-02-03,ARKK,148.63,148.7,145.42,146.11,6504200,0,0
2021-02-03,ARKQ,94.74,95.13,93.55,93.91,1913200,0,0
2021-02-03,ARKW,171.65,172.09,168.9,171.08,1889300,0,0
2021-02-03,ARKG,110.3,110.3,107.18,107.22,5220200,0,0
2021-02-03,ARKF,56.62,56.62,55.7,56.12,2934300,0,0
2021-02-04,ARKK,147.93,148.5,146.92,148.35,5259900,0,0
2021-02-04,ARKQ,94.62,94.89,94.05,94.59,1391300,0,0
2021-02-04,ARKW,173.28,173.64,171.64,173.64,1259500,0,0
2021-02-04,ARKG,108.55,109.5,107.52,108.93,3946000,0,0
2021-02-04,ARKF,56.9,56.98,56.38,56.98,2481700,0,0
2021-02-05,ARKK,148.8,149.75,147.42,149.46,5577500,0,0
2021-02-05,ARKQ,95.7,95.93,94.26,95.5,1809900,0,0
2021-02-05,ARKW,174.66,175.98,172.88,175.8,2111100,0,0
2021-02-05,ARKG,109.01,109.38,107.76,108.9,4264800,0,0
2021-02-05,ARKF,57.42,57.82,56.98,57.79,2702600,0,0
2021-02-08,ARKK,152.05,153.89,151.45,153.31,8469791,0,0
2021-02-08,ARKQ,97.0,98.15,96.61,98.03,2285866,0,0
2021-02-08,ARKW,179.49,180.28,178.48,179.6,2301376,0,0
2021-02-08,ARKG,110.81,112.58,110.6,112.23,5976305,0,0
2021-02-09,ARKK,153.91,156.65,152.83,154.93,8021662,0,0
2021-02-09,ARKQ,98.03,99.27,97.54,98.94,2460922,0,0
2021-02-09,ARKW,180.31,183.53,179.93,183.0,2168139,0,0
2021-02-09,ARKG,112.7,113.42,111.71,112.01,5593925,0,0
2021-02-09,ARKF,59.43,60.47,59.16,60.26,5767636,0,0
2021-02-10,ARKK,157.2,157.91,150.46,153.1,14239083,0,0
2021-02-10,ARKQ,100.5,100.6,96.52,97.61,2786302,0,0
2021-02-10,ARKW,185.68,185.7,177.96,182.33,2784768,0,0
2021-02-10,ARKG,114.25,115.15,109.06,110.58,6778892,0,0
2021-02-10,ARKF,61.01,61.14,59.21,60.37,5772436,0,0
2021-02-11,ARKK,155.0,156.38,152.38,154.57,8795089,0,0
2021-02-11,ARKQ,98.56,99.01,97.05,98.67,1705986,0,0
2021-02-11,ARKW,184.68,186.61,182.86,185.14,1944105,0,0
2021-02-11,ARKG,112.31,112.49,109.33,110.96,4977637,0,0
2021-02-11,ARKF,61.65,62.44,61.4,61.94,6630320,0,0
2021-02-12,ARKK,153.88,156.6,152.01,156.58,6564612,0,0
2021-02-12,ARKQ,98.3,99.21,97.26,99.2,1462739,0,0
2021-02-12,ARKW,184.89,187.5,183.3,187.47,1681615,0,0
2021-02-12,ARKG,110.76,112.1,108.76,112.01,3828567,0,0
2021-02-12,ARKF,61.83,62.55,61.27,62.52,4553617,0,0
2021-02-16,ARKK,159.05,159.69,154.75,155.12,11148788,0,0
2021-02-16,ARKQ,101.11,101.11,98.53,98.68,2703373,0,0
2021-02-16,ARKW,190.28,191.13,185.78,187.44,3340591,0,0
2021-02-16,ARKG,114.07,114.32,109.47,109.64,6786538,0,0
2021-02-16,ARKF,63.76,64.49,63.06,63.6,9095382,0,0
2021-02-17,ARKK,153.49,153.51,147.46,152.17,13457165,0,0
2021-02-17,ARKQ,98.2,98.2,95.57,97.23,2083583,0,0
2021-02-17,ARKW,185.88,186.0,180.18,184.9,2504087,0,0
2021-02-17,ARKG,108.6,108.68,104.54,107.89,7041431,0,0
2021-02-17,ARKF,63.58,63.6,61.83,63.07,7029787,0,0
2021-02-18,ARKK,149.05,150.22,146.1,149.19,10989938,0,0
2021-02-18,ARKQ,94.86,95.44,93.59,94.7,2193654,0,0
2021-02-18,ARKW,181.18,182.23,178.02,181.36,2345860,0,0
2021-02-18,ARKG,105.23,106.59,103.17,105.7,4907903,0,0
2021-02-18,ARKF,61.45,62.0,60.51,61.82,5725363,0,0
2021-02-19,ARKK,151.5,154.0,151.0,152.61,7902327,0,0
2021-02-19,ARKQ,96.3,97.69,96.1,96.86,1590275,0,0
2021-02-19,ARKW,183.89,186.45,183.36,185.05,1808042,0,0
2021-02-19,ARKG,107.1,108.97,106.58,107.46,4566185,0,0
2021-02-19,ARKF,62.51,63.29,62.43,62.64,4489828,0,0
2021-02-22,ARKK,149.72,150.93,143.25,143.78,16451027,0,0
2021-02-22,ARKQ,95.19,95.93,93.05,93.35,2085890,0,0
2021-02-22,ARKW,181.0,182.39,175.06,175.29,2683960,0,0
2021-02-22,ARKG,106.3,106.55,101.24,101.72,7935934,0,0
2021-02-22,ARKF,61.36,61.36,59.74,59.89,6163812,0,0
2021-02-23,ARKK,136.18,139.99,126.82,139.04,36860627,0,0
2021-02-23,ARKQ,88.45,90.45,83.55,89.79,4419339,0,0
2021-02-23,ARKW,165.57,170.75,156.88,170.16,6236703,0,0
2021-02-23,ARKG,97.3,99.14,91.25,98.62,13108567,0,0
2021-02-23,ARKF,56.89,58.75,52.5,58.54,10348043,0,0
2021-02-24,ARKK,138.44,140.22,134.5,138.32,15840247,0,0
2021-02-24,ARKQ,88.8,91.38,88.07,91.0,1957146,0,0
2021-02-24,ARKW,169.1,171.78,165.91,170.54,2399817,0,0
2021-02-24,ARKG,98.59,100.99,96.85,98.84,6572137,0,0
2021-02-24,ARKF,57.53,57.94,56.31,57.59,4827698,0,0
2021-02-24,IZRL,34.6,34.87,34.01,34.86,391645,0,0
2021-02-24,PRNT,41.34,42.29,40.51,42.06,847455,0,0
2021-02-25,ARKK,136.18,138.66,128.43,129.51,16444794,0,0
2021-02-25,ARKQ,90.0,90.87,86.33,87.09,2535781,0,0
2021-02-25,ARKW,168.91,171.51,158.92,160.26,3383558,0,0
2021-02-25,ARKG,97.7,98.54,91.93,93.13,9233251,0,0
2021-02-25,ARKF,57.46,58.1,54.61,54.97,6191198,0,0
2021-02-25,IZRL,34.85,34.9,32.91,33.17,555604,0,0
2021-02-25,PRNT,41.61,42.08,39.74,39.96,978329,0,0
2021-02-26,ARKK,130.7,132.97,126.07,130.36,16255563,0,0
2021-02-26,ARKQ,86.36,87.58,84.24,86.02,2210188,0,0
2021-02-26,ARKW,161.02,163.56,155.95,160.89,2647733,0,0
2021-02-26,ARKG,93.1,95.48,90.17,93.51,7655938,0,0
2021-02-26,ARKF,54.89,55.84,53.61,55.28,4822794,0,0
2021-02-26,IZRL,33.14,33.43,32.25,32.73,437499,0,0
2021-02-26,PRNT,39.93,40.68,38.91,39.88,1287162,0,0
2021-03-01,ARKK,134.54,137.0,133.51,136.7,11467477,0,0
2021-03-01,ARKQ,88.78,89.76,87.93,89.45,1745215,0,0
2021-03-01,ARKW,166.0,168.45,164.1,168.33,2427835,0,0
2021-03-01,ARKG,96.12,98.3,95.6,97.79,5609667,0,0
2021-03-01,ARKF,57.17,57.91,56.45,57.86,3946645,0,0
2021-03-01,IZRL,33.82,34.23,33.72,34.12,336783,0,0
2021-03-01,PRNT,41.29,42.45,41.12,42.15,845900,0,0
2021-03-02,ARKK,138.25,138.31,133.17,133.51,8920348,0,0
2021-03-02,ARKQ,89.96,89.96,86.9,86.95,1461251,0,0
2021-03-02,ARKW,170.18,170.48,164.39,164.39,1534157,0,0
2021-03-02,ARKG,98.26,98.73,95.88,95.96,3648999,0,0
2021-03-02,ARKF,58.4,58.5,57.01,57.08,2849995,0,0
2021-03-02,IZRL,34.04,34.2,33.58,33.65,269471,0,0
2021-03-02,PRNT,42.21,42.44,40.54,40.65,431369,0,0
2021-03-03,ARKK,132.91,133.44,124.44,125.11,15896335,0,0
2021-03-03,ARKQ,87.0,87.6,83.73,83.89,1739830,0,0
2021-03-03,ARKW,165.17,165.85,155.71,156.15,2774074,0,0
2021-03-03,ARKG,95.6,95.7,89.84,90.33,6456557,0,0
2021-03-03,ARKF,57.08,57.27,54.32,54.52,3727156,0,0
2021-03-03,IZRL,33.91,33.89,32.47,32.56,395609,0,0
2021-03-03,PRNT,40.36,40.39,38.4,38.67,753597,0,0
2021-03-04,ARKK,124.2,125.93,114.63,118.43,26985090,0,0
2021-03-04,ARKQ,82.87,83.99,78.13,80.28,3483425,0,0
2021-03-04,ARKW,154.58,156.75,142.89,147.5,5205749,0,0
2021-03-04,ARKG,88.82,90.65,83.22,85.13,12734389,0,0
2021-03-04,ARKF,53.55,54.31,49.91,51.37,8758466,0,0
2021-03-04,IZRL,32.27,32.53,30.33,31.09,713920,0,0
2021-03-04,PRNT,37.98,38.7,35.9,36.55,1310626,0,0
2021-03-05,ARKK,119.22,119.44,106.25,117.07,38220554,0,0
2021-03-05,ARKQ,80.87,81.36,74.79,80.41,3511680,0,0
2021-03-05,ARKW,148.64,149.0,132.7,146.07,5534973,0,0
2021-03-05,ARKG,85.5,85.97,78.25,85.14,13893424,0,0
2021-03-05,ARKF,51.81,51.96,47.13,50.96,8051446,0,0
2021-03-05,IZRL,31.02,31.85,28.89,30.87,738255,0,0
2021-03-05,PRNT,37.19,37.24,34.21,36.42,1282368,0,0
2021-03-08,ARKK,117.0,118.87,109.25,110.26,23537497,0,0
2021-03-08,ARKQ,80.0,80.95,77.13,77.28,2715441,0,0
2021-03-08,ARKW,145.16,148.5,137.9,138.36,3062713,0,0
2021-03-08,ARKG,84.56,87.16,81.05,81.74,7949621,0,0
2021-03-08,ARKF,50.49,51.11,48.18,48.23,4475411,0,0
2021-03-08,IZRL,30.85,31.2,30.13,30.27,422872,0,0
2021-03-08,PRNT,36.3,36.97,35.35,35.48,526069,0,0
2021-03-15,ARKK,127.05,128.92,125.52,128.88,9997921,0,0
2021-03-15,ARKQ,86.72,87.62,85.92,87.62,733692,0,0
2021-03-15,ARKW,158.43,160.76,156.52,160.74,1187983,0,0
2021-03-15,ARKG,92.23,94.11,91.5,93.86,3143589,0,0
2021-03-15,ARKF,54.21,55.22,53.71,55.19,1707196,0,0
2021-03-15,IZRL,32.65,33.23,32.65,33.23,198713,0,0
2021-03-15,PRNT,40.38,40.77,39.9,40.77,423939,0,0
2021-03-16,ARKK,130.51,130.8,123.98,126.02,13832111,0,0
2021-03-16,ARKQ,88.23,88.33,85.05,85.75,846630,0,0
2021-03-16,ARKW,162.48,162.9,155.8,157.93,1331818,0,0
2021-03-16,ARKG,94.92,95.25,90.45,92.3,3816277,0,0
2021-03-16,ARKF,55.83,56.3,54.17,54.95,2303055,0,0
2021-03-16,IZRL,33.44,33.63,32.63,32.94,195305,0,0
2021-03-16,PRNT,40.61,40.77,38.91,39.29,604920,0,0
2021-03-17,ARKK,122.75,129.0,120.94,127.46,14592431,0,0
2021-03-17,ARKQ,84.14,87.72,83.62,87.36,750874,0,0
2021-03-17,ARKW,153.74,160.75,152.35,159.81,1493838,0,0
2021-03-17,ARKG,89.96,94.19,88.85,92.99,3622413,0,0
2021-03-17,ARKF,53.5,55.77,53.22,55.42,2197218,0,0
2021-03-17,IZRL,32.29,33.21,32.1,33.21,104466,0,0
2021-03-17,PRNT,38.47,39.99,38.21,39.76,299016,0,0
2021-03-18,ARKK,124.36,125.15,119.51,120.07,14549095,0,0
2021-03-18,ARKQ,85.74,86.63,83.91,84.22,867340,0,0
2021-03-18,ARKW,156.12,157.11,149.98,150.71,1648368,0,0
2021-03-18,ARKG,91.36,91.59,88.32,88.66,2934687,0,0
2021-03-18,ARKF,54.39,54.53,52.1,52.41,2068733,0,0
2021-03-18,IZRL,32.72,32.8,32.0,32.34,384619,0,0
2021-03-18,PRNT,39.23,39.73,38.36,38.47,264112,0,0
2021-03-19,ARKK,119.99,122.73,118.2,122.36,12515262,0,0
2021-03-19,ARKQ,83.75,84.91,82.44,84.68,679144,0,0
2021-03-19,ARKW,150.58,153.77,148.6,153.34,1190826,0,0
2021-03-19,ARKG,88.69,91.19,88.49,90.87,2928656,0,0
2021-03-19,ARKF,52.63,53.65,51.93,53.25,1449744,0,0
2021-03-19,IZRL,31.94,32.5,31.79,32.5,118233,0,0
2021-03-19,PRNT,38.34,39.15,38.0,38.96,246727,0,0
2021-03-22,ARKK,124.0,126.38,122.53,124.72,8785119,0,0
2021-03-22,ARKQ,86.01,86.01,84.34,85.19,584893,0,0
2021-03-22,ARKW,154.7,156.25,153.13,154.37,949797,0,0
2021-03-22,ARKG,91.98,93.99,90.83,92.92,3236544,0,0
2021-03-22,ARKF,53.49,53.8,52.73,53.35,1845334,0,0
2021-03-22,IZRL,32.86,33.0,32.51,32.73,218631,0,0
2021-03-22,PRNT,39.34,39.5,38.75,39.11,200021,0,0
2021-03-23,ARKK,124.79,124.79,121.15,121.7,7388866,0,0
2021-03-23,ARKQ,84.94,84.94,82.41,82.78,748741,0,0
2021-03-23,ARKW,154.78,154.78,150.75,151.26,1007286,0,0
2021-03-23,ARKG,91.91,92.02,88.64,89.32,4130848,0,0
2021-03-23,ARKF,53.26,53.38,52.05,52.24,1774710,0,0
2021-03-23,IZRL,32.69,32.92,31.63,31.95,205454,0,0
2021-03-23,PRNT,39.1,39.25,37.57,37.67,328066,0,0
2021-03-24,ARKK,122.5,122.68,114.55,114.78,18316502,0,0
2021-03-24,ARKQ,83.25,83.45,79.64,79.73,1113511,0,0
2021-03-24,ARKW,152.55,152.55,142.25,142.59,1729130,0,0
2021-03-24,ARKG,89.52,89.68,84.46,84.72,6223203,0,0
2021-03-24,ARKF,52.35,52.35,49.44,49.44,2595648,0,0
2021-03-24,IZRL,32.08,32.11,31.0,31.16,382303,0,0
2021-03-24,PRNT,38.39,38.39,36.67,36.69,299010,0,0
2021-03-25,ARKK,111.36,114.88,110.39,114.42,20937251,0,0
2021-03-25,ARKQ,77.65,80.76,77.4,80.44,1070989,0,0
2021-03-25,ARKW,138.17,142.58,137.0,141.99,1854643,0,0
2021-03-25,ARKG,82.29,85.19,81.05,84.97,4867368,0,0
2021-03-25,ARKF,48.32,49.66,48.0,49.48,2841345,0,0
2021-03-25,IZRL,30.67,31.0,30.16,30.89,197777,0,0
2021-03-25,PRNT,35.69,37.47,35.5,37.31,357206,0,0
2021-03-26,ARKK,114.43,115.94,109.55,113.97,17554403,0,0
2021-03-26,ARKQ,80.08,81.22,78.67,81.19,644507,0,0
2021-03-26,ARKW,142.39,144.52,137.25,142.43,1581363,0,0
2021-03-26,ARKG,84.99,85.84,82.04,84.58,3479642,0,0
2021-03-26,ARKF,49.69,50.43,48.4,49.96,1683432,0,0
2021-03-26,IZRL,30.71,31.21,30.52,31.14,144001,0,0
2021-03-26,PRNT,37.72,38.0,37.15,38.0,149557,0,0
2021-03-29,ARKK,113.6,113.65,109.73,111.17,13996239,0,0
2021-03-29,ARKQ,80.75,81.13,79.54,80.52,653853,0,0
2021-03-29,ARKW,142.11,143.04,138.13,139.49,1190562,0,0
2021-03-29,ARKG,83.99,84.58,82.3,83.06,2263952,0,0
2021-03-29,ARKF,49.61,49.82,48.43,48.78,1599655,0,0
2021-03-29,IZRL,31.1,31.26,30.52,30.79,135854,0,0
2021-03-29,PRNT,38.0,38.3,37.14,37.29,299313,0,0
2021-03-30,ARKK,110.0,114.8,108.82,114.42,14089086,0,0
2021-03-30,ARKQ,79.92,82.54,79.91,82.31,724596,0,0
2021-03-30,ARKW,138.33,143.01,137.16,142.54,1030477,0,0
2021-03-30,ARKG,82.19,84.86,80.88,84.42,3334562,0,0
2021-03-30,ARKF,48.57,49.81,48.25,49.72,1572416,0,0
2021-03-30,ARKX,20.5,20.61,20.07,20.3,14495271,0,0
2021-03-30,IZRL,30.64,30.87,30.3,30.82,210155,0,0
2021-03-30,PRNT,37.63,38.21,37.13,38.02,665560,0,0
2021-03-31,ARKK,115.94,120.5,115.86,119.95,17267350,0,0
2021-03-31,ARKQ,83.25,84.43,83.15,83.94,696358,0,0
2021-03-31,ARKW,144.53,148.52,144.53,147.44,1792176,0,0
2021-03-31,ARKG,85.25,89.22,85.1,88.73,4011673,0,0
2021-03-31,ARKF,50.12,51.37,50.12,51.1,2114684,0,0
2021-03-31,ARKX,20.43,20.57,20.41,20.57,7432292,0,0
2021-03-31,IZRL,31.0,31.56,30.78,31.45,270019,0,0
2021-03-31,PRNT,38.24,39.1,38.24,38.84,355455,0,0
2021-04-01,ARKK,122.96,124.62,120.57,120.85,12542560,0,0
2021-04-01,ARKQ,85.88,86.27,84.59,85.05,850812,0,0
2021-04-01,ARKW,151.4,153.3,149.27,150.0,2037595,0,0
2021-04-01,ARKG,90.34,92.18,89.23,89.51,3580241,0,0
2021-04-01,ARKF,52.46,53.23,52.25,52.62,2470466,0,0
2021-04-01,ARKX,20.89,21.0,20.73,20.91,6466787,0,0
2021-04-01,IZRL,31.93,32.13,31.74,31.9,161452,0,0
2021-04-01,PRNT,39.99,40.1,39.5,39.87,409244,0,0
2021-04-02,ARKK,122.96,124.62,120.57,120.85,12542560,0,0
2021-04-02,ARKQ,85.88,86.27,84.59,85.05,850812,0,0
2021-04-02,ARKW,151.4,153.3,149.27,150.0,2055085,0,0
2021-04-02,ARKG,90.34,92.18,89.23,89.51,3580040,0,0
2021-04-02,ARKF,52.46,53.23,52.25,52.62,2470439,0,0
2021-04-02,ARKX,20.89,21.0,20.73,20.91,6542991,0,0
2021-04-02,IZRL,31.93,32.13,31.74,31.9,161381,0,0
2021-04-02,PRNT,39.99,40.1,39.5,39.87,409242,0,0
2021-04-05,ARKK,124.36,124.36,120.67,121.64,9288090,0,0
2021-04-05,ARKQ,86.93,86.93,85.54,86.24,659534,0,0
2021-04-05,ARKW,153.5,153.5,149.35,150.55,1081987,0,0
2021-04-05,ARKG,91.21,91.37,89.78,90.79,1777180,0,0
2021-04-05,ARKF,53.47,53.48,52.14,52.79,1495481,0,0
2021-04-05,ARKX,21.27,21.27,21.01,21.14,5004391,0,0
2021-04-05,IZRL,32.48,32.5,32.1,32.32,244798,0,0
2021-04-05,PRNT,40.35,40.4,39.88,40.24,414990,0,0
2021-04-06,ARKK,121.67,125.03,121.48,123.83,8708060,0,0
2021-04-06,ARKQ,86.37,86.79,85.85,86.46,450159,0,0
2021-04-06,ARKW,150.62,154.54,150.57,153.35,775943,0,0
2021-04-06,ARKG,90.57,92.03,89.86,90.8,1924079,0,0
2021-04-06,ARKF,52.74,54.19,52.74,53.83,1429728,0,0
2021-04-06,ARKX,21.13,21.14,21.03,21.1,3576585,0,0
2021-04-06,IZRL,32.24,32.49,32.0,32.24,151320,0,0
2021-04-06,PRNT,40.0,40.08,39.51,39.92,221335,0,0
2021-04-07,ARKK,123.31,123.84,120.61,120.82,6093629,0,0
2021-04-07,ARKQ,86.15,86.15,84.3,84.69,531145,0,0
2021-04-07,ARKW,152.86,153.84,150.28,150.64,589947,0,0
2021-04-07,ARKG,90.65,90.65,87.29,87.74,2264048,0,0
2021-04-07,ARKF,53.16,53.9,52.91,53.07,1172020,0,0
2021-04-07,ARKX,21.03,21.05,20.75,20.81,2964910,0,0
2021-04-07,IZRL,32.31,32.46,31.77,32.14,130737,0,0
2021-04-07,PRNT,39.75,39.75,38.7,38.87,214665,0,0
2021-04-08,ARKK,122.8,124.41,122.63,124.14,6561476,0,0
2021-04-08,ARKQ,85.41,85.98,85.04,85.86,433691,0,0
2021-04-08,ARKW,152.57,155.03,152.55,154.73,1173823,0,0
2021-04-08,ARKG,88.09,89.85,88.0,88.68,2373782,0,0
2021-04-08,ARKF,53.75,54.81,53.75,54.8,1847721,0,0
2021-04-08,ARKX,20.97,21.05,20.86,21.05,2112474,0,0
2021-04-08,IZRL,32.0,32.45,32.0,32.27,155013,0,0
2021-04-08,PRNT,39.19,39.32,38.9,39.22,155275,0,0
2021-04-09,ARKK,123.01,123.42,121.94,123.26,5532200,0,0
2021-04-09,ARKQ,85.12,85.49,84.73,85.33,401085,0,0
2021-04-09,ARKW,153.88,154.45,152.57,154.29,633331,0,0
2021-04-09,ARKG,88.11,88.35,86.86,87.74,2195424,0,0
2021-04-09,ARKF,54.4,54.89,54.06,54.83,1164814,0,0
2021-04-09,ARKX,21.04,21.04,20.9,21.03,1697854,0,0
2021-04-09,IZRL,32.3,32.34,32.05,32.34,100219,0,0
2021-04-09,PRNT,39.35,39.44,39.0,39.42,151617,0,0
2021-04-12,ARKK,122.69,122.9,120.23,122.47,5239841,0,0
2021-04-12,ARKQ,84.86,85.01,83.88,84.75,406645,0,0
2021-04-12,ARKW,154.03,154.82,151.98,154.2,703146,0,0
2021-04-12,ARKG,87.0,87.29,85.07,86.62,2126797,0,0
2021-04-12,ARKF,54.6,54.69,53.75,54.41,1335460,0,0
2021-04-12,ARKX,21.0,21.02,20.75,20.91,1856271,0,0
2021-04-12,IZRL,32.15,32.22,31.8,32.03,88300,0,0
2021-04-12,PRNT,39.26,39.31,38.41,38.75,263753,0,0
2021-04-13,ARKK,123.28,127.71,123.28,127.56,11952100,0,0
2021-04-13,ARKQ,85.0,85.94,84.75,85.88,432955,0,0
2021-04-13,ARKW,155.55,160.24,155.51,160.08,993511,0,0
2021-04-13,ARKG,86.34,89.46,86.34,89.32,2436019,0,0
2021-04-13,ARKF,54.61,55.37,54.61,55.18,1588513,0,0
2021-04-13,ARKX,20.95,21.0,20.83,21.0,1641308,0,0
2021-04-13,IZRL,31.69,32.04,31.56,32.04,215309,0,0
2021-04-13,PRNT,38.52,39.0,38.4,38.99,184690,0,0
2021-04-14,ARKK,128.3,130.28,124.51,124.87,9925561,0,0
2021-04-14,ARKQ,86.35,86.98,84.98,85.33,478103,0,0
2021-04-14,ARKW,161.35,161.79,154.93,155.3,1233237,0,0
2021-04-14,ARKG,89.81,91.94,89.25,89.47,2840629,0,0
2021-04-14,ARKF,55.73,55.95,53.67,53.71,2259631,0,0
2021-04-14,ARKX,21.0,21.15,20.87,20.92,1896116,0,0
2021-04-14,IZRL,32.2,32.31,31.81,31.93,174581,0,0
2021-04-14,PRNT,39.0,39.36,38.6,38.7,172818,0,0
2021-04-15,ARKK,126.84,127.42,125.32,126.62,7928420,0,0
2021-04-15,ARKQ,85.87,85.99,84.31,85.05,398240,0,0
2021-04-15,ARKW,157.78,158.19,156.06,157.65,1351453,0,0
2021-04-15,ARKG,90.81,91.45,90.03,90.34,1804613,0,0
2021-04-15,ARKF,54.64,54.88,54.21,54.69,1395855,0,0
2021-04-15,ARKX,21.07,21.07,20.91,20.98,1301765,0,0
2021-04-15,IZRL,31.93,32.2,31.8,32.05,218652,0,0
2021-04-15,PRNT,39.13,39.24,38.33,38.6,215030,0,0
2021-04-16,ARKK,126.51,126.62,123.4,124.38,6888119,0,0
2021-04-16,ARKQ,85.16,85.16,84.2,84.84,406148,0,0
2021-04-16,ARKW,157.63,157.63,153.8,155.41,676875,0,0
2021-04-16,ARKG,90.39,90.55,87.92,88.7,2490073,0,0
2021-04-16,ARKF,54.64,54.78,53.5,53.82,1520644,0,0
2021-04-16,ARKX,20.95,21.02,20.89,20.97,1373533,0,0
2021-04-16,IZRL,32.0,32.02,31.7,31.96,174298,0,0
2021-04-16,PRNT,38.56,38.9,38.33,38.92,224303,0,0
2021-04-19,ARKK,122.57,123.7,118.94,120.44,11382513,0,0
2021-04-19,ARKQ,83.76,84.24,82.24,83.17,591664,0,0
2021-04-19,ARKW,152.44,153.62,148.38,150.28,1340918,0,0
2021-04-19,ARKG,87.64,88.8,85.17,86.64,3866280,0,0
2021-04-19,ARKF,53.2,53.55,52.11,52.64,1763870,0,0
2021-04-19,ARKX,20.88,20.88,20.51,20.68,1566756,0,0
2021-04-19,IZRL,31.66,31.7,30.91,31.2,180492,0,0
2021-04-19,PRNT,38.6,38.79,37.57,37.78,328052,0,0
2021-04-20,ARKK,120.13,121.89,117.23,119.0,9345764,0,0
2021-04-20,ARKQ,82.38,83.24,81.0,81.75,745457,0,0
2021-04-20,ARKW,149.6,150.98,145.49,147.72,1074883,0,0
2021-04-20,ARKG,85.97,87.44,84.24,85.87,2856356,0,0
2021-04-20,ARKF,52.48,52.8,51.22,51.84,1506558,0,0
2021-04-20,ARKX,20.55,20.57,20.07,20.22,1687689,0,0
2021-04-20,IZRL,31.06,31.31,30.6,30.99,270911,0,0
2021-04-20,PRNT,37.33,37.94,37.1,37.48,293816,0,0
2021-04-21,ARKK,117.78,121.82,116.54,121.82,6502701,0,0
2021-04-21,ARKQ,81.04,84.08,80.65,83.95,573504,0,0
2021-04-21,ARKW,145.7,150.26,144.48,150.26,920824,0,0
2021-04-21,ARKG,85.05,88.23,84.69,88.12,2240000,0,0
2021-04-21,ARKF,51.28,52.6,50.99,52.5,1184281,0,0
2021-04-21,ARKX,20.11,20.5,20.01,20.5,860762,0,0
2021-04-21,IZRL,30.69,31.68,30.66,31.68,118356,0,0
2021-04-21,PRNT,37.01,38.4,36.89,38.4,224190,0,0
2021-04-22,ARKK,122.54,124.42,120.37,121.41,7707757,0,0
2021-04-22,ARKQ,84.26,84.98,82.93,83.47,670256,0,0
2021-04-22,ARKW,151.19,152.71,147.66,148.5,944208,0,0
2021-04-22,ARKG,88.22,90.2,87.74,88.46,2433282,0,0
2021-04-22,ARKF,52.72,53.45,51.96,52.32,1467940,0,0
2021-04-22,ARKX,20.56,20.72,20.35,20.48,840346,0,0
2021-04-22,IZRL,31.73,32.0,31.39,31.61,108342,0,0
2021-04-22,PRNT,38.52,38.98,38.18,38.43,170994,0,0
2021-04-23,ARKK,121.92,123.93,121.53,123.7,4596630,0,0
2021-04-23,ARKQ,83.62,85.07,83.61,84.76,567988,0,0
2021-04-23,ARKW,148.65,152.41,148.65,152.0,885625,0,0
2021-04-23,ARKG,88.5,89.93,88.3,89.58,1627523,0,0
2021-04-23,ARKF,52.47,53.43,52.47,53.27,921734,0,0
2021-04-23,ARKX,20.54,20.75,20.48,20.7,771135,0,0
2021-04-23,IZRL,31.55,31.99,31.31,32.0,69530,0,0
2021-04-23,PRNT,38.42,39.24,38.4,39.03,141935,0,0
2021-04-26,ARKK,124.63,127.82,123.52,127.73,6259380,0,0
2021-04-26,ARKQ,85.3,86.09,84.93,85.97,440728,0,0
2021-04-26,ARKW,153.11,156.91,152.07,156.74,1162190,0,0
2021-04-26,ARKG,89.89,92.76,89.32,92.34,2049126,0,0
2021-04-26,ARKF,53.33,54.32,53.07,54.26,938027,0,0
2021-04-26,ARKX,20.75,20.85,20.66,20.85,982650,0,0
2021-04-26,IZRL,32.0,32.49,31.98,32.4,117060,0,0
2021-04-26,PRNT,39.24,39.87,39.16,39.81,213371,0,0
2021-04-27,ARKK,127.62,128.14,125.2,126.24,4961990,0,0
2021-04-27,ARKQ,85.97,86.29,85.01,85.32,317227,0,0
2021-04-27,ARKW,156.75,157.74,154.42,155.11,931116,0,0
2021-04-27,ARKG,92.78,92.98,91.06,92.16,1391391,0,0
2021-04-27,ARKF,54.45,54.84,53.93,54.18,621786,0,0
2021-04-27,ARKX,20.85,20.91,20.75,20.84,824270,0,0
2021-04-27,IZRL,32.59,32.8,32.3,32.39,57354,0,0
2021-04-27,PRNT,40.0,40.05,39.5,39.72,135376,0,0
2021-04-28,ARKK,125.3,126.46,123.88,125.38,5166931,0,0
2021-04-28,ARKQ,85.26,85.68,84.71,85.08,333847,0,0
2021-04-28,ARKW,154.0,155.27,152.41,154.19,752227,0,0
2021-04-28,ARKG,91.29,92.37,90.23,91.58,1963940,0,0
2021-04-28,ARKF,53.9,54.49,53.43,54.22,894539,0,0
2021-04-28,ARKX,20.79,20.88,20.73,20.84,520464,0,0
2021-04-28,IZRL,32.14,32.35,32.02,32.35,82099,0,0
2021-04-28,PRNT,39.56,39.75,39.15,39.68,98770,0,0
2021-04-29,ARKK,126.15,126.28,120.59,121.76,9272851,0,0
2021-04-29,ARKQ,86.0,86.02,83.3,84.3,355997,0,0
2021-04-29,ARKW,155.41,155.47,148.54,150.1,995591,0,0
2021-04-29,ARKG,91.51,91.8,88.3,89.64,2137909,0,0
2021-04-29,ARKF,54.61,54.61,52.71,53.28,1148347,0,0
2021-04-29,ARKX,20.85,20.95,20.62,20.79,634105,0,0
2021-04-29,IZRL,32.44,32.64,31.97,32.36,82632,0,0
2021-04-29,PRNT,39.82,40.01,38.6,39.02,207165,0,0
2021-04-30,ARKK,120.09,122.61,119.85,120.77,6879809,0,0
2021-04-30,ARKQ,82.97,84.04,82.47,83.63,403815,0,0
2021-04-30,ARKW,147.43,150.64,147.36,148.57,632420,0,0
2021-04-30,ARKG,88.45,90.01,88.32,88.87,1852247,0,0
2021-04-30,ARKF,52.4,53.08,52.11,52.25,933574,0,0
2021-04-30,ARKX,20.58,20.69,20.5,20.59,673220,0,0
2021-04-30,IZRL,32.02,32.25,31.71,32.05,66072,0,0
2021-04-30,PRNT,38.21,38.95,38.15,38.26,193139,0,0
2021-05-03,ARKK,121.21,121.41,116.71,116.91,10903018,0,0
2021-05-03,ARKQ,83.63,83.72,81.94,82.2,1015836,0,0
2021-05-03,ARKW,149.17,149.41,144.96,145.25,1266957,0,0
2021-05-03,ARKG,89.22,89.39,86.23,86.49,2707083,0,0
2021-05-03,ARKF,52.53,52.63,51.44,51.58,1421233,0,0
2021-05-03,ARKX,20.69,20.66,20.43,20.47,871937,0,0
2021-05-03,IZRL,32.35,32.2,31.6,31.76,147146,0,0
2021-05-03,PRNT,38.48,38.58,38.02,38.07,145441,0,0
2021-05-04,ARKK,115.48,115.5,111.17,113.29,14370418,0,0
2021-05-04,ARKQ,81.07,81.37,79.51,80.86,808266,0,0
2021-05-04,ARKW,142.94,143.15,137.89,141.31,1985573,0,0
2021-05-04,ARKG,85.03,85.18,82.24,83.42,4920076,0,0
2021-05-04,ARKF,50.78,50.83,49.15,50.2,2540205,0,0
2021-05-04,ARKX,20.32,20.33,19.96,20.24,1498146,0,0
2021-05-04,IZRL,31.66,31.62,30.71,30.99,135005,0,0
2021-05-04,PRNT,37.54,37.57,36.78,37.13,276287,0,0
2021-05-05,ARKK,114.66,114.49,110.71,111.55,5932079,0,0
2021-05-05,ARKQ,81.3,81.38,80.03,80.19,350828,0,0
2021-05-05,ARKW,142.74,142.16,138.04,138.73,1520589,0,0
2021-05-05,ARKG,83.82,84.28,81.57,82.09,2030783,0,0
2021-05-05,ARKF,50.64,50.72,49.52,49.8,856119,0,0
2021-05-05,ARKX,20.26,20.28,20.08,20.15,371976,0,0
2021-05-05,IZRL,31.02,31.29,30.72,30.85,91193,0,0
2021-05-05,PRNT,37.69,37.9,37.25,37.41,140436,0,0
2021-05-06,ARKK,110.62,110.62,105.68,108.34,17344370,0,0
2021-05-06,ARKQ,80.0,80.32,78.83,79.94,891686,0,0
2021-05-06,ARKW,137.55,137.72,132.46,134.92,2555749,0,0
2021-05-06,ARKG,81.21,81.4,78.2,79.84,6052865,0,0
2021-05-06,ARKF,49.6,49.62,48.13,48.81,2311225,0,0
2021-05-06,ARKX,20.11,20.25,19.96,20.24,1124448,0,0
2021-05-06,IZRL,30.85,30.85,30.08,30.35,161823,0,0
2021-05-06,PRNT,37.14,37.23,36.5,37.0,317655,0,0
2021-05-07,ARKK,111.02,113.13,109.13,109.72,13704273,0,0
2021-05-07,ARKQ,80.62,81.81,80.15,80.71,827888,0,0
2021-05-07,ARKW,137.57,140.33,136.5,137.25,2950667,0,0
2021-05-07,ARKG,80.9,83.04,80.5,80.87,3633235,0,0
2021-05-07,ARKF,49.53,50.19,49.1,49.41,1494158,0,0
2021-05-07,ARKX,20.2,20.5,20.18,20.44,631508,0,0
2021-05-07,IZRL,30.28,30.85,30.25,30.7,180258,0,0
2021-05-07,PRNT,37.01,37.85,37.05,37.46,196883,0,0
2021-05-10,ARKK,108.38,108.39,103.9,103.98,17517433,0,0
2021-05-10,ARKQ,80.05,80.06,77.43,77.5,1015818,0,0
2021-05-10,ARKW,135.4,135.4,129.98,130.04,3120753,0,0
2021-05-10,ARKG,80.44,80.45,76.1,76.13,7160994,0,0
2021-05-10,ARKF,48.73,48.8,46.95,47.02,2742934,0,0
2021-05-10,ARKX,20.32,20.36,19.89,19.9,959352,0,0
2021-05-10,IZRL,30.68,30.6,29.85,29.92,185522,0,0
2021-05-10,PRNT,37.14,37.35,36.31,36.36,313543,0,0
2021-05-11,ARKK,99.86,107.13,98.89,106.12,30359920,0,0
2021-05-11,ARKQ,74.49,78.26,74.42,77.98,1234097,0,0
2021-05-11,ARKW,123.61,133.28,123.61,133.01,2578919,0,0
2021-05-11,ARKG,72.5,77.88,72.45,76.93,7063771,0,0
2021-05-11,ARKF,44.97,47.94,44.81,47.74,2780984,0,0
2021-05-11,ARKX,19.18,19.83,19.15,19.76,1002774,0,0
2021-05-11,IZRL,28.81,29.72,28.5,29.5,265974,0,0
2021-05-11,PRNT,35.15,37.0,35.05,36.91,337716,0,0
2021-05-12,ARKK,103.34,105.84,101.53,102.16,16651428,0,0
2021-05-12,ARKQ,76.65,77.53,75.0,75.11,678075,0,0
2021-05-12,ARKW,130.13,132.28,126.71,127.75,2199015,0,0
2021-05-12,ARKG,75.62,76.93,74.66,74.99,4093732,0,0
2021-05-12,ARKF,46.8,47.25,45.65,45.85,2232264,0,0
2021-05-12,ARKX,19.5,19.68,19.18,19.19,667720,0,0
2021-05-12,IZRL,29.0,29.56,28.96,28.96,179921,0,0
2021-05-12,PRNT,36.24,36.47,35.35,35.39,335440,0,0
2021-05-13,ARKK,103.29,104.68,97.23,99.48,29396536,0,0
2021-05-13,ARKQ,75.43,76.78,73.66,74.47,981112,0,0
2021-05-13,ARKW,128.52,129.38,120.79,123.49,2168899,0,0
2021-05-13,ARKG,75.34,76.62,72.07,73.64,5272871,0,0
2021-05-13,ARKF,46.26,46.57,44.11,44.87,2671848,0,0
2021-05-13,ARKX,19.26,19.56,19.15,19.32,765401,0,0
2021-05-13,IZRL,28.99,29.41,28.51,28.67,265911,0,0
2021-05-13,PRNT,35.48,36.37,35.01,35.45,253984,0,0
2021-05-14,ARKK,101.85,104.64,100.57,104.31,20287757,0,0
2021-05-14,ARKQ,75.34,77.23,75.11,77.05,849841,0,0
2021-05-14,ARKW,125.76,129.19,124.62,128.6,1187069,0,0
2021-05-14,ARKG,74.45,77.02,74.35,76.56,3429617,0,0
2021-05-14,ARKF,45.54,46.56,45.31,46.43,1047061,0,0
2021-05-14,ARKX,19.5,19.76,19.41,19.75,374925,0,0
2021-05-14,IZRL,28.9,29.66,28.85,29.67,129158,0,0
2021-05-14,PRNT,35.86,36.75,35.71,36.69,130094,0,0
2021-05-17,ARKK,102.75,104.88,100.94,103.31,16194480,0,0
2021-05-17,ARKQ,76.57,77.0,75.73,76.72,841098,0,0
2021-05-17,ARKW,126.54,128.82,124.44,127.31,958139,0,0
2021-05-17,ARKG,75.77,76.8,74.94,76.39,2547212,0,0
2021-05-17,ARKF,46.01,46.28,45.41,46.23,1128451,0,0
2021-05-17,ARKX,19.6,19.67,19.46,19.67,545988,0,0
2021-05-17,IZRL,29.5,29.57,29.21,29.56,111781,0,0
2021-05-17,PRNT,36.33,36.59,36.1,36.52,90687,0,0
2021-05-18,ARKK,103.31,107.19,102.28,104.79,17569547,0,0
2021-05-18,ARKQ,77.07,78.51,76.68,77.26,456679,0,0
2021-05-18,ARKW,127.27,130.83,126.21,128.57,710503,0,0
2021-05-18,ARKG,76.5,79.67,75.99,77.9,3710037,0,0
2021-05-18,ARKF,46.33,47.34,46.05,46.66,893700,0,0
2021-05-18,ARKX,19.72,19.89,19.63,19.65,356231,0,0
2021-05-18,IZRL,29.39,30.11,29.51,29.88,78910,0,0
2021-05-18,PRNT,36.49,37.39,36.26,36.8,146534,0,0
2021-05-19,ARKK,100.04,103.24,100.03,102.97,18325132,0,0
2021-05-19,ARKQ,75.0,76.92,74.93,76.76,482671,0,0
2021-05-19,ARKW,122.67,127.12,122.67,127.07,1300203,0,0
2021-05-19,ARKG,75.68,77.17,75.36,76.47,4357601,0,0
2021-05-19,ARKF,45.14,46.64,45.06,46.58,1147564,0,0
2021-05-19,ARKX,19.25,19.55,19.17,19.55,488204,0,0
2021-05-19,IZRL,29.55,29.91,29.14,29.91,127424,0,0
2021-05-19,PRNT,35.94,36.57,35.73,36.54,86394,0,0
2021-05-20,ARKK,104.5,107.11,104.06,106.59,11741245,0,0
2021-05-20,ARKQ,77.43,78.5,77.43,78.36,358665,0,0
2021-05-20,ARKW,129.33,131.72,128.91,131.3,1737370,0,0
2021-05-20,ARKG,77.06,79.43,76.96,78.77,3546448,0,0
2021-05-20,ARKF,46.97,48.22,46.96,48.09,1103911,0,0
2021-05-20,ARKX,19.69,19.87,19.65,19.81,381539,0,0
2021-05-20,IZRL,29.99,30.72,30.07,30.72,92670,0,0
2021-05-20,PRNT,36.47,37.08,36.72,37.06,91645,0,0
2021-05-21,ARKK,107.65,108.14,105.71,105.84,11455613,0,0
2021-05-21,ARKQ,78.99,79.27,78.24,78.33,322545,0,0
2021-05-21,ARKW,132.83,133.41,130.34,130.52,1262298,0,0
2021-05-21,ARKG,79.14,79.98,78.26,78.37,2721154,0,0
2021-05-21,ARKF,48.57,48.6,47.65,47.74,944544,0,0
2021-05-21,ARKX,19.96,20.03,19.82,19.86,347180,0,0
2021-05-21,IZRL,30.94,30.99,30.6,30.65,76754,0,0
2021-05-21,PRNT,37.25,37.7,37.18,37.43,78566,0,0
2021-05-24,ARKK,106.83,109.49,105.9,108.73,9278568,0,0
2021-05-24,ARKQ,78.43,80.02,78.26,79.46,399565,0,0
2021-05-24,ARKW,131.34,135.15,130.71,134.48,2457783,0,0
2021-05-24,ARKG,78.79,79.81,78.58,79.04,1942970,0,0
2021-05-24,ARKF,47.98,48.86,47.82,48.69,861556,0,0
2021-05-24,ARKX,20.0,20.13,19.92,20.06,357986,0,0
2021-05-24,IZRL,30.74,30.99,30.65,30.88,69941,0,0
2021-05-24,PRNT,37.71,38.0,37.4,37.88,116521,0,0
2021-05-25,ARKK,109.5,110.77,108.32,109.38,8786286,0,0
2021-05-25,ARKQ,79.79,80.69,79.24,79.72,495999,0,0
2021-05-25,ARKW,135.42,136.34,134.37,134.9,844270,0,0
2021-05-25,ARKG,79.35,80.38,78.78,79.48,2031431,0,0
2021-05-25,ARKF,49.2,49.57,48.92,49.06,882587,0,0
2021-05-25,ARKX,20.2,20.29,20.06,20.13,303106,0,0
2021-05-25,IZRL,31.01,31.0,30.5,30.61,43750,0,0
2021-05-25,PRNT,38.04,38.37,37.55,37.66,147596,0,0
2021-05-26,ARKK,109.97,111.75,109.76,111.43,8319024,0,0
2021-05-26,ARKQ,80.08,81.24,80.06,80.98,391355,0,0
2021-05-26,ARKW,136.01,137.97,135.61,137.37,1119933,0,0
2021-05-26,ARKG,79.65,80.88,79.29,80.83,2300039,0,0
2021-05-26,ARKF,49.5,49.93,49.38,49.69,1394897,0,0
2021-05-26,ARKX,20.2,20.22,20.13,20.19,481688,0,0
2021-05-26,IZRL,30.61,31.01,30.5,30.98,41160,0,0
2021-05-26,PRNT,37.75,38.38,37.63,38.34,103843,0,0
2021-05-27,ARKK,111.29,112.31,109.27,112.28,7453675,0,0
2021-05-27,ARKQ,81.18,81.61,80.59,81.54,356797,0,0
2021-05-27,ARKW,137.44,138.61,135.1,138.59,1002387,0,0
2021-05-27,ARKG,80.6,81.39,79.42,81.33,2301842,0,0
2021-05-27,ARKF,49.76,49.97,48.92,49.97,810220,0,0
2021-05-27,ARKX,20.27,20.38,20.25,20.37,529218,0,0
2021-05-27,IZRL,31.0,31.18,30.8,31.14,39939,0,0
2021-05-27,PRNT,38.4,38.75,38.02,38.73,97992,0,0
2021-05-28,ARKK,112.46,115.14,111.85,112.1,8985130,0,0
2021-05-28,ARKQ,81.7,82.31,81.32,81.4,427632,0,0
2021-05-28,ARKW,138.92,140.64,137.58,137.61,777923,0,0
2021-05-28,ARKG,81.67,84.04,81.54,81.75,2327661,0,0
2021-05-28,ARKF,49.89,50.39,49.73,49.83,936804,0,0
2021-05-28,ARKX,20.37,20.49,20.36,20.39,398421,0,0
2021-05-28,IZRL,31.22,31.49,31.12,31.17,37824,0,0
2021-05-28,PRNT,38.71,38.96,38.21,38.21,96424,0,0
2021-06-01,ARKK,112.85,113.74,110.05,111.25,7473317,0,0
2021-06-01,ARKQ,82.0,82.75,81.48,82.02,308644,0,0
2021-06-01,ARKW,138.74,140.05,136.57,138.05,1757822,0,0
2021-06-01,ARKG,82.46,82.49,79.94,81.3,2985188,0,0
2021-06-01,ARKF,50.52,51.04,50.01,50.43,1315659,0,0
2021-06-01,ARKX,20.56,20.74,20.56,20.65,465014,0,0
2021-06-01,IZRL,31.25,31.25,30.69,31.05,76327,0,0
2021-06-01,PRNT,38.74,38.88,38.11,38.32,88932,0,0
2021-06-02,ARKK,111.33,112.23,110.26,111.3,7228988,0,0
2021-06-02,ARKQ,81.98,82.26,81.69,82.12,311404,0,0
2021-06-02,ARKW,138.13,139.42,137.3,138.49,741696,0,0
2021-06-02,ARKG,81.03,81.92,80.29,81.07,2239417,0,0
2021-06-02,ARKF,50.15,50.42,49.95,50.26,869732,0,0
2021-06-02,ARKX,20.62,20.68,20.61,20.68,300255,0,0
2021-06-02,IZRL,31.05,31.17,30.8,31.09,61684,0,0
2021-06-02,PRNT,38.25,39.1,38.21,38.97,113823,0,0
2021-06-03,ARKK,109.81,110.68,107.39,107.43,10002204,0,0
2021-06-03,ARKQ,81.23,81.67,80.46,80.65,360921,0,0
2021-06-03,ARKW,136.85,137.62,134.28,134.52,805916,0,0
2021-06-03,ARKG,80.08,80.95,78.53,79.18,2248053,0,0
2021-06-03,ARKF,49.53,49.72,48.76,48.83,938471,0,0
2021-06-03,ARKX,20.45,20.61,20.39,20.53,362221,0,0
2021-06-03,IZRL,30.62,30.93,30.56,30.74,51129,0,0
2021-06-03,PRNT,38.61,38.72,38.03,38.27,60334,0,0
2021-06-04,ARKK,108.8,110.29,108.45,109.51,6554783,0,0
2021-06-04,ARKQ,81.04,82.13,81.07,81.78,368660,0,0
2021-06-04,ARKW,135.77,136.71,135.16,135.74,762127,0,0
2021-06-04,ARKG,79.76,81.02,79.83,80.29,1273349,0,0
2021-06-04,ARKF,49.18,49.68,49.14,49.49,683517,0,0
2021-06-04,ARKX,20.65,20.81,20.6,20.77,429978,0,0
2021-06-04,IZRL,30.76,31.21,30.74,31.17,33853,0,0
2021-06-04,PRNT,38.78,39.0,38.64,38.9,102123,0,0
2021-06-07,ARKK,109.27,113.05,108.94,112.69,7375738,0,0
2021-06-07,ARKQ,81.69,81.99,81.1,81.96,260653,0,0
2021-06-07,ARKW,135.52,138.51,134.66,138.27,1261125,0,0
2021-06-07,ARKG,80.26,83.91,80.26,83.15,3949225,0,0
2021-06-07,ARKF,49.33,49.9,48.99,49.86,607189,0,0
2021-06-07,ARKX,20.75,20.76,20.61,20.72,371485,0,0
2021-06-07,IZRL,31.32,31.63,31.25,31.54,56327,0,0
2021-06-07,PRNT,38.66,38.98,38.55,38.87,91481,0,0
2021-06-08,ARKK,113.75,114.75,110.72,113.13,6783937,0,0
2021-06-08,ARKQ,82.57,82.71,81.15,82.0,253182,0,0
2021-06-08,ARKW,139.48,140.08,135.93,138.45,794086,0,0
2021-06-08,ARKG,84.06,84.68,81.99,83.97,2210725,0,0
2021-06-08,ARKF,50.01,50.45,49.3,49.86,601146,0,0
2021-06-08,ARKX,20.73,20.8,20.57,20.71,703324,0,0
2021-06-08,IZRL,31.29,31.68,31.26,31.47,66794,0,0
2021-06-08,PRNT,39.0,39.05,38.57,38.71,80793,0,0
2021-06-09,ARKK,113.75,114.72,112.65,112.85,7303740,0,0
2021-06-09,ARKQ,82.38,82.38,81.26,81.38,311959,0,0
2021-06-09,ARKW,139.43,140.5,137.56,137.69,755732,0,0
2021-06-09,ARKG,84.34,85.99,84.34,85.01,2904671,0,0
2021-06-09,ARKF,50.04,50.49,49.6,49.62,706745,0,0
2021-06-09,ARKX,20.72,20.77,20.55,20.56,295932,0,0
2021-06-09,IZRL,31.46,31.63,31.21,31.27,245349,0,0
2021-06-09,PRNT,38.62,38.76,38.13,38.14,88275,0,0
2021-06-10,ARKK,112.45,115.13,112.14,114.97,7134783,0,0
2021-06-10,ARKQ,81.3,81.95,81.0,81.43,299233,0,0
2021-06-10,ARKW,137.38,139.41,136.97,139.3,767575,0,0
2021-06-10,ARKG,85.11,87.55,84.37,87.31,4573326,0,0
2021-06-10,ARKF,49.63,50.15,49.45,50.12,594664,0,0
2021-06-10,ARKX,20.61,20.67,20.51,20.63,244229,0,0
2021-06-10,IZRL,31.28,31.53,31.19,31.41,397381,0,0
2021-06-10,PRNT,38.0,38.13,37.62,37.93,114748,0,0
2021-06-11,ARKK,112.45,116.16,114.82,116.12,6606979,0,0
2021-06-11,ARKQ,81.75,81.75,81.25,81.6,317283,0,0
2021-06-11,ARKW,139.49,140.6,139.08,140.46,409238,0,0
2021-06-11,ARKG,87.01,87.58,86.15,86.93,2115566,0,0
2021-06-11,ARKF,49.63,50.52,50.15,50.49,633559,0,0
2021-06-11,ARKX,20.65,20.75,20.55,20.62,277714,0,0
2021-06-11,IZRL,31.26,31.65,31.2,31.51,79483,0,0
2021-06-11,PRNT,38.16,38.53,38.12,38.29,61945,0,0
2021-06-14,ARKK,116.59,118.91,116.41,118.33,8439173,0,0
2021-06-14,ARKQ,81.93,82.18,81.39,82.0,402024,0,0
2021-06-14,ARKW,141.21,143.55,141.21,142.65,973021,0,0
2021-06-14,ARKG,87.38,88.25,86.93,87.59,2484923,0,0
2021-06-14,ARKF,50.7,51.39,50.67,51.28,1070981,0,0
2021-06-14,ARKX,20.66,20.68,20.56,20.68,379844,0,0
2021-06-14,IZRL,31.78,32.04,31.73,31.96,110255,0,0
2021-06-14,PRNT,38.48,38.48,37.91,38.11,73747,0,0
2021-06-15,ARKK,117.85,118.05,114.64,115.09,8556124,0,0
2021-06-15,ARKQ,81.8,82.09,80.76,81.03,291218,0,0
2021-06-15,ARKW,142.34,142.96,139.31,139.61,617577,0,0
2021-06-15,ARKG,87.5,87.5,84.79,85.55,3020529,0,0
2021-06-15,ARKF,50.94,51.15,50.43,50.57,655785,0,0
2021-06-15,ARKX,20.69,20.69,20.55,20.59,297713,0,0
2021-06-15,IZRL,31.91,32.0,31.46,31.54,67114,0,0
2021-06-15,PRNT,38.18,38.18,37.56,37.61,77672,0,0
2021-06-16,ARKK,114.9,115.77,111.88,114.53,12207102,0,0
2021-06-16,ARKQ,80.95,80.95,79.56,80.41,299964,0,0
2021-06-16,ARKW,139.57,140.67,136.92,139.56,843565,0,0
2021-06-16,ARKG,85.27,85.91,82.99,85.02,2804287,0,0
2021-06-16,ARKF,50.54,50.99,49.76,50.44,808435,0,0
2021-06-16,ARKX,20.55,20.6,20.3,20.45,457185,0,0
2021-06-16,IZRL,31.52,31.84,31.42,31.68,65650,0,0
2021-06-16,PRNT,37.56,37.79,37.02,37.55,71420,0,0
2021-06-17,ARKK,113.8,119.15,113.65,118.5,12665212,0,0
2021-06-17,ARKQ,80.0,81.78,80.0,81.58,374810,0,0
2021-06-17,ARKW,138.82,144.3,138.61,143.41,851574,0,0
2021-06-17,ARKG,84.37,87.71,84.35,87.16,4120378,0,0
2021-06-17,ARKF,50.34,52.18,50.13,52.03,2155022,0,0
2021-06-17,ARKX,20.47,20.62,20.32,20.6,330418,0,0
2021-06-17,IZRL,31.65,31.91,31.45,31.85,40979,0,0
2021-06-17,PRNT,37.22,37.65,37.03,37.54,70619,0,0
2021-06-18,ARKK,117.77,119.85,117.38,118.9,8476000,0,0
2021-06-18,ARKQ,80.82,81.66,80.35,80.7,505035,0,0
2021-06-18,ARKW,142.84,145.18,142.71,143.93,929474,0,0
2021-06-18,ARKG,86.05,87.39,85.84,86.62,3115329,0,0
2021-06-18,ARKF,51.68,52.47,51.62,52.04,1842212,0,0
2021-06-18,ARKX,20.46,20.54,20.29,20.37,325338,0,0
2021-06-18,IZRL,31.82,31.85,31.36,31.49,52552,0,0
2021-06-18,PRNT,37.48,37.59,36.93,37.1,105014,0,0
2021-06-21,ARKK,118.47,120.18,116.52,119.51,5429396,0,0
2021-06-21,ARKQ,81.31,82.07,80.77,81.82,445615,0,0
2021-06-21,ARKW,143.28,144.28,140.65,143.54,831984,0,0
2021-06-21,ARKG,86.6,87.9,85.19,87.42,2050657,0,0
2021-06-21,ARKF,51.86,52.02,50.94,51.74,1172278,0,0
2021-06-21,ARKX,20.5,20.72,20.44,20.72,476173,0,0
2021-06-21,IZRL,31.32,31.67,31.19,31.53,56154,0,0
2021-06-21,PRNT,37.07,37.8,37.0,37.77,74299,0,0
2021-06-22,ARKK,119.04,121.05,118.85,121.02,6338167,0,0
2021-06-22,ARKQ,81.42,83.01,81.42,82.78,431193,0,0
2021-06-22,ARKW,142.69,146.25,142.54,145.99,1294755,0,0
2021-06-22,ARKG,87.04,87.83,86.59,87.68,2236206,0,0
2021-06-22,ARKF,51.54,52.29,51.4,52.23,718423,0,0
2021-06-22,ARKX,20.74,20.83,20.61,20.78,401368,0,0
2021-06-22,IZRL,31.46,31.7,31.25,31.64,47174,0,0
2021-06-22,PRNT,37.67,39.23,37.67,39.09,166525,0,0
2021-06-23,ARKK,121.5,123.88,121.22,123.53,7789869,0,0
2021-06-23,ARKQ,83.19,84.41,83.1,84.1,421641,0,0
2021-06-23,ARKW,147.04,149.35,146.92,148.79,1140315,0,0
2021-06-23,ARKG,87.54,88.88,87.54,88.52,1631232,0,0
2021-06-23,ARKF,52.35,53.1,52.35,52.89,1205686,0,0
2021-06-23,ARKX,20.83,20.89,20.78,20.83,447000,0,0
2021-06-23,IZRL,31.66,32.0,31.66,31.89,45176,0,0
2021-06-23,PRNT,39.26,39.59,39.07,39.46,157175,0,0
2021-06-24,ARKK,124.91,127.22,124.52,125.28,9831567,0,0
2021-06-24,ARKQ,84.82,85.67,84.7,85.31,362290,0,0
2021-06-24,ARKW,150.52,153.99,150.52,152.1,1225336,0,0
2021-06-24,ARKG,88.83,90.35,88.83,89.62,3140104,0,0
2021-06-24,ARKF,53.5,54.27,53.47,53.82,1392722,0,0
2021-06-24,ARKX,20.89,21.05,20.89,21.05,432639,0,0
2021-06-24,IZRL,31.99,32.28,31.99,32.24,127762,0,0
2021-06-24,PRNT,39.67,39.79,39.52,39.67,133023,0,0
2021-06-25,ARKK,125.94,126.33,124.03,125.49,7313706,0,0
2021-06-25,ARKQ,85.66,86.22,85.19,85.83,302630,0,0
2021-06-25,ARKW,152.57,153.31,150.37,151.55,977648,0,0
2021-06-25,ARKG,89.7,90.22,88.99,90.08,2548174,0,0
2021-06-25,ARKF,54.0,54.23,53.33,53.7,810026,0,0
2021-06-25,ARKX,21.14,21.18,21.05,21.14,527638,0,0
2021-06-25,IZRL,32.31,32.47,32.17,32.43,45184,0,0
2021-06-25,PRNT,39.83,40.35,39.69,39.91,158074,0,0
2021-06-28,ARKK,128.7,130.83,128.53,130.23,10231518,0,0
2021-06-28,ARKQ,86.25,86.85,86.15,86.62,345366,0,0
2021-06-28,ARKW,152.75,155.51,152.68,155.18,1447041,0,0
2021-06-28,ARKG,92.78,93.66,92.35,93.01,6748295,0,0
2021-06-28,ARKF,54.0,54.6,54.0,54.54,1613303,0,0
2021-06-28,ARKX,21.25,21.25,21.05,21.16,521396,0,0
2021-06-28,IZRL,32.4,32.68,32.33,32.53,85191,0,0
2021-06-28,PRNT,40.11,40.5,40.0,40.17,137735,0,0
2021-06-29,ARKK,130.07,131.5,129.01,130.88,6957568,0,0
2021-06-29,ARKQ,86.77,87.28,86.23,87.19,444059,0,0
2021-06-29,ARKW,155.39,156.47,154.4,155.92,942972,0,0
2021-06-29,ARKG,93.05,93.97,92.16,93.1,2511667,0,0
2021-06-29,ARKF,54.41,54.82,54.2,54.78,884151,0,0
2021-06-29,ARKX,21.19,21.25,21.1,21.21,406096,0,0
2021-06-29,IZRL,32.44,32.7,32.33,32.43,56355,0,0
2021-06-29,PRNT,40.36,40.6,39.83,39.97,86066,0,0
2021-06-30,ARKK,130.55,132.5,129.06,130.78,8665160,0,0
2021-06-30,ARKQ,86.6,86.91,86.21,86.21,335877,0,0
2021-06-30,ARKW,155.23,155.16,153.6,154.07,939520,0,0
2021-06-30,ARKG,93.1,94.14,91.58,92.5,2938809,0,0
2021-06-30,ARKF,54.53,54.53,53.99,54.11,1054611,0,0
2021-06-30,ARKX,21.19,21.2,20.98,21.01,384366,0,0
2021-06-30,IZRL,32.16,32.28,31.89,32.05,57628,0,0
2021-06-30,PRNT,39.77,39.9,39.33,39.78,112055,0,0
2021-07-01,ARKK,130.75,131.55,127.28,129.16,7337494,0,0
2021-07-01,ARKQ,86.92,86.92,85.05,85.48,360631,0,0
2021-07-01,ARKW,154.25,154.34,150.3,151.26,813825,0,0
2021-07-01,ARKG,92.8,93.46,91.0,92.86,1928856,0,0
2021-07-01,ARKF,54.01,54.19,53.0,53.39,1149734,0,0
2021-07-01,ARKX,20.99,21.09,20.89,21.01,249262,0,0
2021-07-01,IZRL,32.09,32.1,31.62,31.92,79383,0,0
2021-07-01,PRNT,39.96,39.98,39.33,39.55,90143,0,0
2021-07-02,ARKK,129.88,131.43,127.89,128.15,5865835,0,0
2021-07-02,ARKQ,85.78,86.09,84.56,84.72,450002,0,0
2021-07-02,ARKW,152.37,153.92,150.4,150.69,931326,0,0
2021-07-02,ARKG,93.28,93.63,91.25,92.03,1721005,0,0
2021-07-02,ARKF,53.59,53.89,53.12,53.32,762590,0,0
2021-07-02,ARKX,21.15,21.16,20.91,20.96,290692,0,0
2021-07-02,IZRL,31.87,32.06,31.57,31.8,40174,0,0
2021-07-02,PRNT,39.66,39.91,39.3,39.34,89849,0,0
2021-07-06,ARKK,128.1,128.98,126.41,127.24,7356518,0,0
2021-07-06,ARKQ,84.26,84.38,82.97,83.79,384898,0,0
2021-07-06,ARKW,150.96,152.15,149.43,150.73,858325,0,0
2021-07-06,ARKG,91.69,91.84,90.11,90.68,2477698,0,0
2021-07-06,ARKF,53.02,53.53,52.76,53.22,904071,0,0
2021-07-06,ARKX,20.9,20.92,20.65,20.84,517399,0,0
2021-07-06,IZRL,31.73,31.92,31.53,31.72,49102,0,0
2021-07-06,PRNT,39.16,39.23,38.7,39.01,113365,0,0
2021-07-07,ARKK,128.01,128.28,123.12,124.26,9282798,0,0
2021-07-07,ARKQ,84.21,84.21,82.18,82.78,291750,0,0
2021-07-07,ARKW,151.61,152.33,147.4,148.38,850404,0,0
2021-07-07,ARKG,90.6,91.07,87.66,88.7,3361087,0,0
2021-07-07,ARKF,53.5,53.69,52.35,52.67,1413084,0,0
2021-07-07,ARKX,20.84,20.9,20.59,20.78,346793,0,0
2021-07-07,IZRL,31.69,31.96,31.24,31.4,47543,0,0
2021-07-07,PRNT,39.04,39.1,38.3,38.51,139443,0,0
2021-07-08,ARKK,120.38,124.34,119.39,123.31,9641372,0,0
2021-07-08,ARKQ,80.37,82.17,80.02,81.99,342936,0,0
2021-07-08,ARKW,143.6,147.57,142.41,146.59,888264,0,0
2021-07-08,ARKG,86.21,89.09,85.62,88.68,3174061,0,0
2021-07-08,ARKF,50.98,51.95,50.64,51.67,1730034,0,0
2021-07-08,ARKX,20.32,20.6,20.25,20.56,476328,0,0
2021-07-08,IZRL,30.9,30.98,30.42,30.9,111083,0,0
2021-07-08,PRNT,37.65,38.37,37.42,38.17,123566,0,0
2021-07-09,ARKK,123.61,125.9,122.03,125.62,6272091,0,0
2021-07-09,ARKQ,82.76,83.53,82.16,83.42,224217,0,0
2021-07-09,ARKW,147.29,149.05,145.69,148.9,570939,0,0
2021-07-09,ARKG,88.89,90.25,87.94,89.99,2830866,0,0
2021-07-09,ARKF,51.97,52.92,51.77,52.91,923313,0,0
2021-07-09,ARKX,20.78,20.92,20.65,20.9,371984,0,0
2021-07-09,IZRL,31.01,31.33,30.91,31.29,115604,0,0
2021-07-09,PRNT,38.58,38.84,38.26,38.77,66076,0,0
2021-07-12,ARKK,126.24,127.4,124.01,124.74,4044938,0,0
2021-07-12,ARKQ,83.7,83.9,82.89,83.32,193270,0,0
2021-07-12,ARKW,149.5,150.82,147.52,148.81,493375,0,0
2021-07-12,ARKG,90.0,90.73,88.39,88.5,2456971,0,0
2021-07-12,ARKF,53.0,53.36,52.42,52.67,669722,0,0
2021-07-12,ARKX,20.97,20.98,20.78,20.86,374111,0,0
2021-07-12,IZRL,31.22,31.47,31.07,31.17,75962,0,0
2021-07-12,PRNT,38.8,39.0,38.18,38.23,81802,0,0
2021-07-13,ARKK,124.49,124.95,122.2,122.27,6444523,0,0
2021-07-13,ARKQ,83.19,83.5,82.43,82.48,220106,0,0
2021-07-13,ARKW,148.36,149.77,146.97,147.17,791153,0,0
2021-07-13,ARKG,88.43,88.59,86.3,86.38,2873248,0,0
2021-07-13,ARKF,52.55,53.15,52.26,52.41,938171,0,0
2021-07-13,ARKX,20.75,20.86,20.68,20.7,304921,0,0
2021-07-13,IZRL,31.16,31.23,30.8,30.87,45423,0,0
2021-07-13,PRNT,38.18,38.18,37.61,37.67,90030,0,0
2021-07-14,ARKK,123.31,123.31,118.07,118.17,10424776,0,0
2021-07-14,ARKQ,82.91,82.91,80.94,80.98,353288,0,0
2021-07-14,ARKW,148.23,148.31,143.1,143.13,842442,0,0
2021-07-14,ARKG,86.68,87.0,82.82,83.18,5423215,0,0
2021-07-14,ARKF,52.88,52.98,51.49,51.52,958192,0,0
2021-07-14,ARKX,20.8,20.83,20.5,20.51,329595,0,0
2021-07-14,IZRL,30.82,30.98,30.28,30.35,99408,0,0
2021-07-14,PRNT,37.69,38.1,37.27,37.34,72202,0,0
2021-07-15,ARKK,118.05,119.41,114.46,116.4,12736835,0,0
2021-07-15,ARKQ,80.79,81.37,79.31,80.2,436672,0,0
2021-07-15,ARKW,143.1,144.47,138.81,140.98,795594,0,0
2021-07-15,ARKG,82.83,83.55,80.74,82.38,4029766,0,0
2021-07-15,ARKF,51.64,52.11,50.68,51.18,1399981,0,0
2021-07-15,ARKX,20.43,20.5,20.17,20.29,373750,0,0
2021-07-15,IZRL,30.11,30.29,29.53,29.74,111794,0,0
2021-07-15,PRNT,37.17,37.17,36.4,36.8,169276,0,0
2021-07-16,ARKK,117.81,117.94,115.45,116.53,7622700,0,0
2021-07-16,ARKQ,80.44,80.67,78.98,79.2,381719,0,0
2021-07-16,ARKW,142.08,142.35,139.5,140.31,1006494,0,0
2021-07-16,ARKG,82.79,83.76,81.63,82.88,2897050,0,0
2021-07-16,ARKF,51.36,51.54,50.67,50.79,684430,0,0
2021-07-16,ARKX,20.4,20.4,20.04,20.09,295806,0,0
2021-07-16,IZRL,29.99,30.15,29.41,29.42,81020,0,0
2021-07-16,PRNT,36.65,36.9,36.0,36.06,117097,0,0
2021-07-19,ARKK,113.92,117.58,113.27,117.28,11499564,0,0
2021-07-19,ARKQ,77.45,78.64,77.13,78.64,598388,0,0
2021-07-19,ARKW,136.95,140.89,136.27,140.61,1163153,0,0
2021-07-19,ARKG,81.1,84.46,81.09,83.53,3461053,0,0
2021-07-19,ARKF,49.75,50.65,49.51,50.57,1093895,0,0
2021-07-19,ARKX,19.8,19.84,19.61,19.83,460816,0,0
2021-07-19,IZRL,28.95,29.15,28.52,29.04,88619,0,0
2021-07-19,PRNT,35.5,35.75,35.1,35.55,134266,0,0
2021-07-20,ARKK,117.51,121.18,116.45,120.76,6687528,0,0
2021-07-20,ARKQ,78.98,80.76,78.39,80.4,331572,0,0
2021-07-20,ARKW,141.39,144.57,139.2,143.71,966270,0,0
2021-07-20,ARKG,83.56,86.02,83.36,85.85,2044921,0,0
2021-07-20,ARKF,50.63,51.95,50.22,51.72,936561,0,0
2021-07-20,ARKX,19.9,20.34,19.82,20.3,349377,0,0
2021-07-20,IZRL,29.09,29.69,29.0,29.52,52881,0,0
2021-07-20,PRNT,35.84,36.55,35.7,36.43,95346,0,0
2021-07-21,ARKK,120.88,122.91,119.98,122.66,5724317,0,0
2021-07-21,ARKQ,80.49,81.82,80.4,81.79,320969,0,0
2021-07-21,ARKW,144.28,146.43,143.68,146.19,638357,0,0
2021-07-21,ARKG,85.75,87.36,84.76,87.11,1672641,0,0
2021-07-21,ARKF,51.64,52.86,51.52,52.82,1146132,0,0
2021-07-21,ARKX,20.32,20.51,20.31,20.51,270568,0,0
2021-07-21,IZRL,29.54,30.13,29.68,30.12,34779,0,0
2021-07-21,PRNT,36.53,37.17,36.66,37.1,43430,0,0
2021-07-22,ARKK,122.5,123.42,121.25,121.71,4545930,0,0
2021-07-22,ARKQ,81.84,81.91,80.71,81.18,511773,0,0
2021-07-22,ARKW,146.59,147.41,145.46,146.27,361397,0,0
2021-07-22,ARKG,86.67,87.45,85.91,86.15,1418873,0,0
2021-07-22,ARKF,52.96,53.33,52.87,53.17,1070016,0,0
2021-07-22,ARKX,20.53,20.55,20.39,20.49,196140,0,0
2021-07-22,IZRL,30.13,30.25,29.71,29.95,42031,0,0
2021-07-22,PRNT,37.37,37.37,36.76,37.0,90059,0,0
2021-07-23,ARKK,122.0,122.56,120.38,122.43,4377835,0,0
2021-07-23,ARKQ,80.77,80.88,79.98,80.84,238254,0,0
2021-07-23,ARKW,147.03,148.48,146.2,148.19,715337,0,0
2021-07-23,ARKG,86.41,86.5,84.33,85.66,1961465,0,0
2021-07-23,ARKF,53.23,53.54,52.72,53.48,777896,0,0
2021-07-23,ARKX,20.48,20.55,20.38,20.54,229053,0,0
2021-07-23,IZRL,29.93,29.93,29.63,29.83,64380,0,0
2021-07-23,PRNT,37.08,37.2,36.86,37.14,51300,0,0
2021-07-26,ARKK,122.5,123.11,120.95,121.6,5723913,0,0
2021-07-26,ARKQ,80.0,80.65,79.48,79.84,351121,0,0
2021-07-26,ARKW,148.86,149.72,147.64,148.78,1098369,0,0
2021-07-26,ARKG,85.0,85.71,83.54,83.98,2024912,0,0
2021-07-26,ARKF,52.99,53.04,52.21,52.26,1020560,0,0
2021-07-26,ARKX,20.41,20.41,20.25,20.32,378990,0,0
2021-07-26,IZRL,29.73,30.0,29.65,29.75,49149,0,0
2021-07-26,PRNT,37.05,37.34,36.92,37.15,66015,0,0
2021-07-27,ARKK,121.0,121.52,115.58,118.62,10961347,0,0
2021-07-27,ARKQ,79.0,79.15,76.89,78.39,429323,0,0
2021-07-27,ARKW,148.34,148.79,142.19,145.73,672887,0,0
2021-07-27,ARKG,83.5,83.85,80.83,82.64,2542570,0,0
2021-07-27,ARKF,51.6,51.84,49.56,50.75,1751131,0,0
2021-07-27,ARKX,20.21,20.21,19.79,20.0,390403,0,0
2021-07-27,IZRL,29.72,29.74,29.12,29.47,32675,0,0
2021-07-27,PRNT,37.14,37.17,36.32,36.86,59645,0,0
2021-07-28,ARKK,118.56,121.78,117.96,121.35,5778634,0,0
2021-07-28,ARKQ,78.95,80.77,78.95,80.44,413829,0,0
2021-07-28,ARKW,145.86,149.16,145.0,148.7,662884,0,0
2021-07-28,ARKG,82.26,85.79,82.26,85.28,3483904,0,0
2021-07-28,ARKF,51.16,52.34,50.8,52.22,1325179,0,0
2021-07-28,ARKX,20.19,20.48,20.19,20.43,228635,0,0
2021-07-28,IZRL,29.58,30.0,29.23,29.94,39412,0,0
2021-07-28,PRNT,36.93,37.8,36.94,37.7,45655,0,0
2021-07-29,ARKK,121.16,123.23,120.67,121.6,3710115,0,0
2021-07-29,ARKQ,80.98,81.89,80.71,81.45,239959,0,0
2021-07-29,ARKW,149.18,151.55,148.84,149.19,2028811,0,0
2021-07-29,ARKG,85.42,85.96,84.69,85.02,2413726,0,0
2021-07-29,ARKF,52.16,52.66,51.92,51.94,715724,0,0
2021-07-29,ARKX,20.5,20.62,20.44,20.55,213307,0,0
2021-07-29,IZRL,29.82,30.28,29.76,30.17,40704,0,0
2021-07-29,PRNT,37.81,38.18,37.73,37.85,46710,0,0
2021-07-30,ARKK,120.0,122.41,119.62,120.0,5244237,0,0
2021-07-30,ARKQ,80.58,81.66,80.42,81.18,295318,0,0
2021-07-30,ARKW,147.66,149.69,146.89,147.55,638400,0,0
2021-07-30,ARKG,84.31,85.93,84.23,84.35,1770410,0,0
2021-07-30,ARKF,50.8,51.4,50.5,50.68,1000181,0,0
2021-07-30,ARKX,20.31,20.45,20.3,20.34,218306,0,0
2021-07-30,IZRL,30.07,30.32,29.78,30.15,37304,0,0
2021-07-30,PRNT,37.83,38.18,37.58,38.0,40612,0,0
2021-08-02,ARKK,120.54,122.44,119.09,121.12,5197714,0,0
2021-08-02,ARKQ,81.45,82.14,81.31,81.42,811428,0,0
2021-08-02,ARKW,147.98,150.58,146.58,148.88,703715,0,0
2021-08-02,ARKG,84.37,85.29,83.56,84.46,2016016,0,0
2021-08-02,ARKF,51.0,52.02,50.88,51.52,1162527,0,0
2021-08-02,ARKX,20.46,20.47,20.3,20.33,212904,0,0
2021-08-02,IZRL,30.31,30.55,30.2,30.29,52729,0,0
2021-08-02,PRNT,38.21,38.49,38.14,38.14,65940,0,0
2021-08-03,ARKK,121.31,121.49,118.52,120.22,6731415,0,0
2021-08-03,ARKQ,81.61,81.61,80.15,81.18,330977,0,0
2021-08-03,ARKW,149.15,149.32,145.64,147.41,608499,0,0
2021-08-03,ARKG,84.7,84.91,83.45,84.79,1219325,0,0
2021-08-03,ARKF,51.48,51.52,50.45,51.22,1064230,0,0
2021-08-03,ARKX,20.33,20.33,20.07,20.31,171395,0,0
2021-08-03,IZRL,30.24,30.28,29.86,30.14,52071,0,0
2021-08-03,PRNT,38.19,38.29,37.72,38.27,41336,0,0
2021-08-04,ARKK,120.08,123.39,119.99,123.28,5267044,0,0
2021-08-04,ARKQ,80.7,81.42,80.55,80.84,335710,0,0
2021-08-04,ARKW,147.1,150.31,147.1,150.05,787973,0,0
2021-08-04,ARKG,84.15,85.76,84.09,85.27,2248605,0,0
2021-08-04,ARKF,51.31,52.4,51.31,52.28,1172224,0,0
2021-08-04,ARKX,20.22,20.26,20.1,20.17,199840,0,0
2021-08-04,IZRL,29.94,30.33,29.8,29.96,57058,0,0
2021-08-04,PRNT,38.14,38.43,38.07,38.15,65907,0,0
2021-08-05,ARKK,122.52,126.25,121.74,125.57,5189440,0,0
2021-08-05,ARKQ,81.08,82.18,81.07,81.91,300763,0,0
2021-08-05,ARKW,148.94,152.33,148.23,151.6,797914,0,0
2021-08-05,ARKG,85.19,89.11,84.91,88.97,2731513,0,0
2021-08-05,ARKF,52.24,53.51,52.0,53.19,1039910,0,0
2021-08-05,ARKX,20.19,20.48,20.19,20.48,234595,0,0
2021-08-05,IZRL,29.93,30.2,29.9,30.14,79453,0,0
2021-08-05,PRNT,38.34,38.8,38.18,38.71,73559,0,0
2021-08-06,ARKK,125.27,125.73,122.29,123.01,6015798,0,0
2021-08-06,ARKQ,81.68,82.05,80.79,81.14,324774,0,0
2021-08-06,ARKW,151.53,152.03,148.33,149.33,895212,0,0
2021-08-06,ARKG,88.82,88.9,86.61,86.99,1990884,0,0
2021-08-06,ARKF,53.07,53.21,52.08,52.4,1109409,0,0
2021-08-06,ARKX,20.45,20.53,20.34,20.36,193899,0,0
2021-08-06,IZRL,30.02,30.14,29.83,30.04,36510,0,0
2021-08-06,PRNT,38.5,38.5,38.11,38.15,36646,0,0
2021-08-09,ARKK,123.63,125.48,122.98,124.7,4521589,0,0
2021-08-09,ARKQ,81.02,82.13,80.86,81.79,317398,0,0
2021-08-09,ARKW,150.34,153.07,149.72,152.38,743616,0,0
2021-08-09,ARKG,86.88,88.1,86.42,87.28,1710607,0,0
2021-08-09,ARKF,52.73,53.63,52.44,53.27,1004967,0,0
2021-08-09,ARKX,20.36,20.47,20.27,20.41,233560,0,0
2021-08-09,IZRL,30.0,30.2,29.8,30.14,57571,0,0
2021-08-09,PRNT,38.04,38.33,37.9,38.16,54507,0,0
2021-08-10,ARKK,124.87,125.57,121.42,121.44,5366684,0,0
2021-08-10,ARKQ,82.24,82.81,81.81,81.9,398018,0,0
2021-08-10,ARKW,152.7,153.49,149.68,149.93,589600,0,0
2021-08-10,ARKG,87.95,88.03,84.43,84.66,2150731,0,0
2021-08-10,ARKF,53.46,53.8,52.61,52.68,871408,0,0
2021-08-10,ARKX,20.49,20.51,20.4,20.42,173190,0,0
2021-08-10,IZRL,30.18,30.42,30.0,30.04,81235,0,0
2021-08-10,PRNT,38.69,39.39,38.68,38.85,108839,0,0
2021-08-11,ARKK,122.56,122.88,119.36,121.3,6000577,0,0
2021-08-11,ARKQ,82.43,82.67,81.59,82.52,225805,0,0
2021-08-11,ARKW,151.33,151.8,148.39,150.05,687788,0,0
2021-08-11,ARKG,84.78,84.83,82.39,83.55,2027797,0,0
2021-08-11,ARKF,53.24,53.42,52.1,52.55,802855,0,0
2021-08-11,ARKX,20.55,20.78,20.55,20.77,271165,0,0
2021-08-11,IZRL,30.21,30.21,29.7,29.82,50627,0,0
2021-08-11,PRNT,39.0,39.0,38.22,38.69,99857,0,0
2021-08-12,ARKK,120.9,122.29,120.59,121.85,3291521,0,0
2021-08-12,ARKQ,82.23,82.75,81.87,82.58,344090,0,0
2021-08-12,ARKW,149.57,150.48,148.37,150.18,423502,0,0
2021-08-12,ARKG,83.28,83.96,83.11,83.63,1186475,0,0
2021-08-12,ARKF,52.35,52.63,51.94,52.5,787903,0,0
2021-08-12,ARKX,20.65,20.72,20.6,20.62,223952,0,0
2021-08-12,IZRL,29.94,30.18,29.84,30.09,39389,0,0
2021-08-12,PRNT,39.03,39.43,39.01,39.4,124318,0,0
2021-08-13,ARKK,121.96,122.1,119.91,120.1,3941582,0,0
2021-08-13,ARKQ,82.34,82.45,80.7,80.85,326230,0,0
2021-08-13,ARKW,150.56,151.05,149.21,149.3,512867,0,0
2021-08-13,ARKG,83.7,83.85,82.05,82.21,1246968,0,0
2021-08-13,ARKF,52.45,52.77,52.18,52.21,645754,0,0
2021-08-13,ARKX,20.56,20.57,20.25,20.27,241837,0,0
2021-08-13,IZRL,30.03,30.14,29.97,30.04,46464,0,0
2021-08-13,PRNT,39.39,39.39,38.33,38.38,66910,0,0
2021-08-16,ARKK,119.25,119.3,115.23,116.98,7742119,0,0
2021-08-16,ARKQ,80.03,80.23,78.87,79.53,425014,0,0
2021-08-16,ARKW,148.4,148.58,144.08,145.84,700985,0,0
2021-08-16,ARKG,81.86,81.93,79.33,80.68,2067759,0,0
2021-08-16,ARKF,51.92,51.96,50.59,51.15,1032048,0,0
2021-08-16,ARKX,20.16,20.2,20.01,20.16,277416,0,0
2021-08-16,IZRL,29.73,29.85,29.28,29.39,32986,0,0
2021-08-16,PRNT,38.29,38.29,37.75,38.02,52742,0,0
2021-08-17,ARKK,115.38,116.8,114.23,115.89,8418355,0,0
2021-08-17,ARKQ,78.24,79.01,77.59,78.52,470634,0,0
2021-08-17,ARKW,143.99,145.49,142.34,143.85,952589,0,0
2021-08-17,ARKG,79.67,80.28,78.83,80.18,3173839,0,0
2021-08-17,ARKF,50.6,51.08,50.15,50.56,1402316,0,0
2021-08-17,ARKX,20.01,20.08,19.81,19.92,369673,0,0
2021-08-17,IZRL,29.05,29.22,28.65,28.85,108954,0,0
2021-08-17,PRNT,37.71,37.8,37.03,37.27,88662,0,0
2021-08-18,ARKK,116.06,117.99,114.94,115.84,5995133,0,0
2021-08-18,ARKQ,78.45,79.56,78.17,78.59,211629,0,0
2021-08-18,ARKW,143.93,146.27,143.19,143.52,662732,0,0
2021-08-18,ARKG,80.15,81.41,79.24,80.12,1326116,0,0
2021-08-18,ARKF,50.56,51.24,50.43,50.5,700987,0,0
2021-08-18,ARKX,19.94,20.03,19.78,19.8,206387,0,0
2021-08-18,IZRL,28.8,29.37,28.8,29.01,26249,0,0
2021-08-18,PRNT,37.39,37.79,37.25,37.35,92546,0,0
2021-08-19,ARKK,114.26,116.14,113.54,113.85,5692072,0,0
2021-08-19,ARKQ,77.56,78.61,77.4,77.73,409390,0,0
2021-08-19,ARKW,141.91,144.3,141.28,142.49,792439,0,0
2021-08-19,ARKG,79.33,80.05,78.52,78.68,2638569,0,0
2021-08-19,ARKF,49.87,50.64,49.66,50.23,872009,0,0
2021-08-19,ARKX,19.61,19.8,19.57,19.65,263682,0,0
2021-08-19,IZRL,28.66,29.05,28.65,28.75,35604,0,0
2021-08-19,PRNT,36.96,37.29,36.8,37.02,84021,0,0
2021-08-20,ARKK,114.35,116.16,114.15,115.8,4572862,0,0
2021-08-20,ARKQ,77.74,78.67,77.74,78.48,221773,0,0
2021-08-20,ARKW,143.51,145.9,143.35,145.45,669254,0,0
2021-08-20,ARKG,78.0,80.16,78.0,79.73,2243905,0,0
2021-08-20,ARKF,50.31,50.98,50.26,50.85,678690,0,0
2021-08-20,ARKX,19.57,19.85,19.53,19.83,226393,0,0
2021-08-20,IZRL,28.69,29.15,28.67,29.08,43219,0,0
2021-08-20,PRNT,36.88,37.59,36.88,37.49,90715,0,0
2021-08-23,ARKK,116.99,119.61,116.86,119.48,6552164,0,0
2021-08-23,ARKQ,79.12,80.66,79.12,80.53,357146,0,0
2021-08-23,ARKW,146.74,148.75,146.53,148.32,503003,0,0
2021-08-23,ARKG,80.46,82.71,80.46,82.56,1755951,0,0
2021-08-23,ARKF,51.39,52.19,51.3,52.07,720366,0,0
2021-08-23,ARKX,19.95,20.2,19.95,20.17,245954,0,0
2021-08-23,IZRL,29.01,29.82,29.01,29.7,63924,0,0
2021-08-23,PRNT,37.68,38.32,37.68,38.28,105167,0,0
2021-08-24,ARKK,120.3,121.12,119.83,121.06,5134132,0,0
2021-08-24,ARKQ,81.23,82.62,81.2,82.37,348214,0,0
2021-08-24,ARKW,149.6,150.7,149.33,150.55,685021,0,0
2021-08-24,ARKG,82.99,83.86,82.17,83.78,1486513,0,0
2021-08-24,ARKF,52.53,53.24,52.5,53.15,799394,0,0
2021-08-24,ARKX,20.24,20.39,20.24,20.38,260189,0,0
2021-08-24,IZRL,29.7,30.2,29.66,30.13,77676,0,0
2021-08-24,PRNT,38.34,38.63,38.26,38.55,186329,0,0
2021-08-25,ARKK,120.94,121.5,120.19,121.03,3075334,0,0
2021-08-25,ARKQ,82.4,83.0,81.9,82.59,213145,0,0
2021-08-25,ARKW,150.49,151.41,149.91,151.13,494039,0,0
2021-08-25,ARKG,83.65,84.48,83.02,83.95,1214025,0,0
2021-08-25,ARKF,53.05,53.35,52.85,53.29,589890,0,0
2021-08-25,ARKX,20.35,20.57,20.34,20.5,330561,0,0
2021-08-25,IZRL,30.11,30.5,30.09,30.25,57770,0,0
2021-08-25,PRNT,38.58,38.89,38.35,38.67,84821,0,0
2021-08-26,ARKK,120.72,122.36,118.87,119.16,4692798,0,0
2021-08-26,ARKQ,82.25,83.4,81.89,82.17,456291,0,0
2021-08-26,ARKW,150.6,151.98,148.1,148.62,631926,0,0
2021-08-26,ARKG,83.75,84.58,82.45,82.82,1349544,0,0
2021-08-26,ARKF,53.11,53.4,52.37,52.44,675428,0,0
2021-08-26,ARKX,20.45,20.6,20.4,20.45,237261,0,0
2021-08-26,IZRL,30.18,30.46,30.13,30.18,40085,0,0
2021-08-26,PRNT,38.55,39.0,38.36,38.43,58436,0,0
2021-08-27,ARKK,119.82,122.39,119.37,122.03,3783752,0,0
2021-08-27,ARKQ,82.44,83.81,82.4,83.58,274382,0,0
2021-08-27,ARKW,148.8,151.18,148.44,150.92,357655,0,0
2021-08-27,ARKG,83.13,85.61,82.67,84.91,1883336,0,0
2021-08-27,ARKF,52.76,53.68,52.62,53.65,706200,0,0
2021-08-27,ARKX,20.52,20.89,20.52,20.85,424629,0,0
2021-08-27,IZRL,30.08,30.68,30.08,30.57,39948,0,0
2021-08-27,PRNT,38.45,39.1,38.4,38.97,90987,0,0
2021-08-30,ARKK,122.24,123.26,121.49,122.79,2946312,0,0
2021-08-30,ARKQ,84.09,84.65,83.48,84.44,321698,0,0
2021-08-30,ARKW,151.12,152.51,150.33,151.95,570412,0,0
2021-08-30,ARKG,85.0,85.71,84.44,85.0,1096016,0,0
2021-08-30,ARKF,53.62,54.08,53.25,53.91,789985,0,0
2021-08-30,ARKX,20.96,21.15,20.93,21.13,637451,0,0
2021-08-30,IZRL,30.64,30.97,30.62,30.9,47956,0,0
2021-08-30,PRNT,38.99,39.19,38.81,39.13,73728,0,0
2021-08-31,ARKK,122.24,122.41,120.72,122.03,3910168,0,0
2021-08-31,ARKQ,84.17,84.46,83.48,84.23,212745,0,0
2021-08-31,ARKW,151.13,151.83,150.18,151.07,496368,0,0
2021-08-31,ARKG,84.77,85.81,84.68,85.68,1570134,0,0
2021-08-31,ARKF,53.86,54.19,53.56,53.85,743915,0,0
2021-08-31,ARKX,21.0,21.08,20.92,21.03,221573,0,0
2021-08-31,IZRL,30.74,30.99,30.67,30.96,65181,0,0
2021-08-31,PRNT,39.06,39.38,39.04,39.36,66542,0,0
2021-09-01,ARKK,122.5,124.73,122.3,123.72,4630109,0,0
2021-09-01,ARKQ,84.35,85.36,84.35,84.79,316942,0,0
2021-09-01,ARKW,151.63,153.68,151.46,152.45,744321,0,0
2021-09-01,ARKG,85.85,87.76,85.8,86.99,1545414,0,0
2021-09-01,ARKF,54.03,54.95,54.03,54.53,1024142,0,0
2021-09-01,ARKX,21.05,21.24,21.04,21.13,359126,0,0
2021-09-01,IZRL,31.0,31.25,31.0,31.1,66374,0,0
2021-09-01,PRNT,39.25,39.74,39.25,39.56,78668,0,0
2021-09-02,ARKK,124.51,125.35,124.05,124.83,3195745,0,0
2021-09-02,ARKQ,85.14,85.97,85.01,85.49,271894,0,0
2021-09-02,ARKW,153.56,154.92,152.95,153.33,482735,0,0
2021-09-02,ARKG,87.28,87.96,86.91,87.88,1055054,0,0
2021-09-02,ARKF,54.78,54.97,54.27,54.41,573005,0,0
2021-09-02,ARKX,21.2,21.33,21.17,21.25,571279,0,0
2021-09-02,IZRL,31.19,31.25,31.03,31.1,15738,0,0
2021-09-02,PRNT,39.75,40.34,39.75,40.23,123870,0,0
2021-09-03,ARKK,124.52,125.61,123.85,125.07,3904020,0,0
2021-09-03,ARKQ,85.4,85.85,85.11,85.57,274300,0,0
2021-09-03,ARKW,153.24,154.8,152.84,154.33,411651,0,0
2021-09-03,ARKG,87.93,87.98,86.87,87.32,736524,0,0
2021-09-03,ARKF,54.4,55.09,54.21,55.03,693582,0,0
2021-09-03,ARKX,21.16,21.22,21.11,21.19,186799,0,0
2021-09-03,IZRL,31.0,31.21,30.94,31.03,35225,0,0
2021-09-03,PRNT,40.06,40.2,39.77,39.97,79449,0,0
2021-09-07,ARKK,125.21,126.32,124.18,124.71,4116850,0,0
2021-09-07,ARKQ,85.55,86.25,85.52,85.84,292398,0,0
2021-09-07,ARKW,154.7,155.76,152.73,153.78,614375,0,0
2021-09-07,ARKG,87.1,87.87,85.78,85.94,1560560,0,0
2021-09-07,ARKF,55.05,55.28,54.64,54.79,964215,0,0
2021-09-07,ARKX,21.18,21.24,21.11,21.16,304677,0,0
2021-09-07,IZRL,31.0,31.2,30.86,30.91,41678,0,0
2021-09-07,PRNT,39.98,40.12,39.77,39.99,86797,0,0
2021-09-08,ARKK,124.06,124.06,120.37,121.17,6367595,0,0
2021-09-08,ARKQ,85.35,85.4,83.5,84.1,321866,0,0
2021-09-08,ARKW,153.01,153.06,149.05,150.38,938454,0,0
2021-09-08,ARKG,85.47,85.75,83.34,83.9,1637986,0,0
2021-09-08,ARKF,54.39,54.42,53.0,53.3,964764,0,0
2021-09-08,ARKX,21.05,21.06,20.77,20.92,302587,0,0
2021-09-08,IZRL,30.72,30.95,30.44,30.61,42112,0,0
2021-09-08,PRNT,39.76,39.77,38.82,39.1,92601,0,0
2021-09-09,ARKK,121.18,123.47,120.92,121.71,3622025,0,0
2021-09-09,ARKQ,83.71,84.9,83.71,84.26,234911,0,0
2021-09-09,ARKW,150.33,152.35,150.21,150.99,397166,0,0
2021-09-09,ARKG,83.76,85.8,83.68,84.31,1241566,0,0
2021-09-09,ARKF,53.12,53.68,53.01,53.1,526643,0,0
2021-09-09,ARKX,20.88,21.0,20.87,20.88,236226,0,0
2021-09-09,IZRL,30.63,30.8,30.58,30.64,27859,0,0
2021-09-09,PRNT,39.17,39.83,39.1,39.45,89693,0,0
2021-09-10,ARKK,122.65,122.97,120.44,120.46,3300352,0,0
2021-09-10,ARKQ,84.73,84.89,83.2,83.25,196519,0,0
2021-09-10,ARKW,151.8,152.55,149.6,149.78,394351,0,0
2021-09-10,ARKG,84.92,84.92,83.61,83.74,1335390,0,0
2021-09-10,ARKF,53.49,53.68,52.47,52.5,950293,0,0
2021-09-10,ARKX,20.97,21.02,20.78,20.79,171818,0,0
2021-09-10,IZRL,30.84,30.84,30.44,30.44,40831,0,0
2021-09-10,PRNT,39.69,39.69,38.93,38.98,44964,0,0
2021-09-13,ARKK,120.72,120.81,116.14,118.17,6579095,0,0
2021-09-13,ARKQ,83.71,83.71,81.8,82.99,394188,0,0
2021-09-13,ARKW,150.0,150.12,144.53,147.45,784275,0,0
2021-09-13,ARKG,84.2,84.25,81.13,81.83,1884506,0,0
2021-09-13,ARKF,52.72,52.72,51.13,52.07,1364855,0,0
2021-09-13,ARKX,20.9,20.92,20.53,20.67,318917,0,0
2021-09-13,IZRL,30.63,30.6,30.03,30.24,89429,0,0
2021-09-13,PRNT,39.11,39.11,38.4,38.74,87764,0,0
